-- MySQL dump 10.13  Distrib 5.6.27, for debian-linux-gnu (x86_64)
--
-- Host: localhost    Database: cog
-- ------------------------------------------------------
-- Server version	5.6.27-0ubuntu0.15.04.1

/*!40101 SET @OLD_CHARACTER_SET_CLIENT=@@CHARACTER_SET_CLIENT */;
/*!40101 SET @OLD_CHARACTER_SET_RESULTS=@@CHARACTER_SET_RESULTS */;
/*!40101 SET @OLD_COLLATION_CONNECTION=@@COLLATION_CONNECTION */;
/*!40101 SET NAMES utf8 */;
/*!40103 SET @OLD_TIME_ZONE=@@TIME_ZONE */;
/*!40103 SET TIME_ZONE='+00:00' */;
/*!40014 SET @OLD_UNIQUE_CHECKS=@@UNIQUE_CHECKS, UNIQUE_CHECKS=0 */;
/*!40014 SET @OLD_FOREIGN_KEY_CHECKS=@@FOREIGN_KEY_CHECKS, FOREIGN_KEY_CHECKS=0 */;
/*!40101 SET @OLD_SQL_MODE=@@SQL_MODE, SQL_MODE='NO_AUTO_VALUE_ON_ZERO' */;
/*!40111 SET @OLD_SQL_NOTES=@@SQL_NOTES, SQL_NOTES=0 */;

--
-- Table structure for table `admin_user`
--

DROP TABLE IF EXISTS `admin_user`;
/*!40101 SET @saved_cs_client     = @@character_set_client */;
/*!40101 SET character_set_client = utf8 */;
CREATE TABLE `admin_user` (
  `user_id` int(11) NOT NULL AUTO_INCREMENT,
  `security_role_id` int(11) NOT NULL,
  `login_id` varchar(30) NOT NULL,
  `first_name` varchar(30) NOT NULL,
  `last_name` varchar(30) NOT NULL,
  `password` varchar(30) NOT NULL,
  `email` varchar(75) NOT NULL,
  PRIMARY KEY (`user_id`),
  KEY `security_role_user_fk` (`security_role_id`),
  CONSTRAINT `security_role_user_fk` FOREIGN KEY (`security_role_id`) REFERENCES `security_role` (`security_role_id`)
) ENGINE=InnoDB AUTO_INCREMENT=3 DEFAULT CHARSET=latin1;
/*!40101 SET character_set_client = @saved_cs_client */;

--
-- Dumping data for table `admin_user`
--

LOCK TABLES `admin_user` WRITE;
/*!40000 ALTER TABLE `admin_user` DISABLE KEYS */;
INSERT INTO `admin_user` VALUES (1,5,'alewis','Andy','Lewis','Bam2x3nd','andy.lewis.jr@gmail.com'),(2,4,'jelwell','Josh','Elwell','changeme','josh.elwell@gmail.com');
/*!40000 ALTER TABLE `admin_user` ENABLE KEYS */;
UNLOCK TABLES;

--
-- Table structure for table `author`
--

DROP TABLE IF EXISTS `author`;
/*!40101 SET @saved_cs_client     = @@character_set_client */;
/*!40101 SET character_set_client = utf8 */;
CREATE TABLE `author` (
  `author_id` int(10) NOT NULL AUTO_INCREMENT,
  `first_name` varchar(20) NOT NULL,
  `last_name` varchar(30) NOT NULL,
  PRIMARY KEY (`author_id`)
) ENGINE=InnoDB AUTO_INCREMENT=53 DEFAULT CHARSET=latin1 COMMENT='Ministers, singers - content authors';
/*!40101 SET character_set_client = @saved_cs_client */;

--
-- Dumping data for table `author`
--

LOCK TABLES `author` WRITE;
/*!40000 ALTER TABLE `author` DISABLE KEYS */;
INSERT INTO `author` VALUES (1,'Steve','Elwell'),(2,'Don','Elwell'),(3,'Ken','Elwell'),(4,'Mary','Lawson'),(5,'Charles','Chandler'),(6,'Bob','Wilson'),(7,'David','Hargrave'),(8,'Joe Elwell','Family'),(9,'Darrell','Johnson'),(10,'Huyen','Hoang'),(11,'Fari','Matthews'),(12,'Don Elwell','Family'),(13,'LaDawna','Adams'),(14,'Clackamas','Congregation'),(16,'Donald','Elwell III'),(17,'Damar','Randle'),(18,'Curtis','Williams'),(19,'Herter','Family'),(20,'Ken Elwell','Family'),(21,'Josh & John','Samons'),(22,'Cliff Smith','Family'),(23,'Michael Smith','Family'),(24,'Michael','Smith'),(25,'Herter &','Elwell Young People'),(26,'Gladstone','Congregation'),(27,'Gladstone','Young People'),(28,'John Samons','Family'),(29,'Julie','Elwell'),(30,'Darren & Tiffany','Gellenbeck'),(31,'Paul','Phillips'),(32,'Rodney','Smith'),(33,'Patsy','Smith'),(34,'Jefferson','Congregation'),(36,'Lois','Davenport'),(38,'Edee Jane','Elwell'),(39,'Smith and Elwell','Families'),(40,'Young','People'),(41,'Alice','Johnson'),(42,'Alicia','Johnson'),(43,'Josh Elwell &','Lindsey Gellenbeck'),(44,'Serena','Johnson'),(45,'Oleseya','Sivyy'),(46,'Phillip','Gellenbeck'),(47,'Elli','Herter'),(48,'Cliff','Smith'),(49,'David','Shiryayev'),(50,'Smith and Gellenbeck','Families'),(51,'Monark','Singers'),(52,'Ashlyn, Emily & Kait','Elwell');
/*!40000 ALTER TABLE `author` ENABLE KEYS */;
UNLOCK TABLES;

--
-- Table structure for table `city`
--

DROP TABLE IF EXISTS `city`;
/*!40101 SET @saved_cs_client     = @@character_set_client */;
/*!40101 SET character_set_client = utf8 */;
CREATE TABLE `city` (
  `city_id` int(11) NOT NULL AUTO_INCREMENT,
  `name_txt` varchar(30) NOT NULL,
  `state_id` int(11) NOT NULL,
  `description` varchar(75) NOT NULL,
  PRIMARY KEY (`city_id`),
  KEY `state_city_fk` (`state_id`),
  CONSTRAINT `state_city_fk` FOREIGN KEY (`state_id`) REFERENCES `state` (`state_id`)
) ENGINE=InnoDB AUTO_INCREMENT=15 DEFAULT CHARSET=latin1;
/*!40101 SET character_set_client = @saved_cs_client */;

--
-- Dumping data for table `city`
--

LOCK TABLES `city` WRITE;
/*!40000 ALTER TABLE `city` DISABLE KEYS */;
INSERT INTO `city` VALUES (1,'Clackamas',39,'Portland suburb'),(2,'Jefferson',39,'Jefferson'),(3,'Gladstone',39,'Green church'),(4,'Chilliwack',54,'Chilliwack, BC'),(5,'Sapulpa',38,'Sapulpa Road'),(6,'Neosho',27,'Neosho, Missouri'),(8,'Springfield',27,'Springfield'),(9,'Oklahoma City',38,'Oklahoma City'),(10,'Pacoima',6,'Pacoima, California'),(11,'Virtual',55,'On line (COVID-19)'),(12,'Washougal',50,'Washougal'),(13,'Portland',39,'Portland'),(14,'Monark Springs',27,'Monark Springs');
/*!40000 ALTER TABLE `city` ENABLE KEYS */;
UNLOCK TABLES;

--
-- Table structure for table `content`
--

DROP TABLE IF EXISTS `content`;
/*!40101 SET @saved_cs_client     = @@character_set_client */;
/*!40101 SET character_set_client = utf8 */;
CREATE TABLE `content` (
  `content_id` int(11) NOT NULL AUTO_INCREMENT,
  `name_txt` varchar(30) NOT NULL,
  `content_type_id` int(11) NOT NULL,
  `topic_id` int(11) NOT NULL,
  `location_id` int(11) NOT NULL,
  `content_date` date NOT NULL,
  `added_date` date NOT NULL,
  `file_name` varchar(30) NOT NULL,
  `path` varchar(100) NOT NULL,
  `modified_user` int(11) NOT NULL,
  `author_id` int(11) NOT NULL,
  `active_ind` char(1) NOT NULL DEFAULT 'Y',
  PRIMARY KEY (`content_id`),
  KEY `user_content_fk` (`modified_user`),
  KEY `content_type_content_fk` (`content_type_id`),
  KEY `topic_content_fk` (`topic_id`),
  KEY `location_content_fk` (`location_id`),
  KEY `FK38B73479EC974AB0` (`content_type_id`),
  KEY `FK38B734799A867797` (`location_id`),
  KEY `FK38B73479DBA57B17` (`author_id`),
  KEY `FK38B7347969209A7D` (`topic_id`),
  KEY `FK38B73479DCE387C9` (`modified_user`),
  KEY `author_idx` (`author_id`),
  KEY `content_date_idx` (`content_date`),
  CONSTRAINT `FK38B7347969209A7D` FOREIGN KEY (`topic_id`) REFERENCES `topic` (`topic_id`),
  CONSTRAINT `FK38B734799A867797` FOREIGN KEY (`location_id`) REFERENCES `location` (`location_id`),
  CONSTRAINT `FK38B73479DBA57B17` FOREIGN KEY (`author_id`) REFERENCES `author` (`author_id`),
  CONSTRAINT `FK38B73479DCE387C9` FOREIGN KEY (`modified_user`) REFERENCES `user` (`user_id`),
  CONSTRAINT `FK38B73479EC974AB0` FOREIGN KEY (`content_type_id`) REFERENCES `content_type` (`content_type_id`)
) ENGINE=InnoDB AUTO_INCREMENT=670 DEFAULT CHARSET=latin1;
/*!40101 SET character_set_client = @saved_cs_client */;

--
-- Dumping data for table `content`
--

LOCK TABLES `content` WRITE;
/*!40000 ALTER TABLE `content` DISABLE KEYS */;
INSERT INTO `content` VALUES (1,'God\'s Joy in Our Lives',1,6,1,'2011-10-16','2016-02-29','p2011-10-16pm.mp3','/cogmedia/content/2012/04',1,2,'Y'),(2,'The Fatherly Bond',1,4,1,'2011-10-30','2012-05-28','p2011-10-30am.mp3','/cogmedia/content/2012/05',1,1,'Y'),(3,'Keep your eyes on the Prize',1,4,1,'2011-10-30','2012-05-28','p2011-10-30pm.mp3','/cogmedia/content/2011/10',1,2,'Y'),(4,'Fear God',1,4,1,'2011-11-13','2012-05-28','p2011-11-13am.mp3','/cogmedia/content/2011/12',1,1,'Y'),(5,'Pluses and Minuses',1,5,1,'2012-01-15','2012-05-19','p2012-01-29am.mp3','/cogmedia/content/2012/01',1,4,'Y'),(7,'Smoke and Mirrors',1,3,1,'2011-09-25','2012-05-28','p2011-09-25am.mp3','/cogmedia/content/2011/09',1,1,'Y'),(8,'Open mouth - I will fill it',1,4,1,'2012-03-01','2016-03-02','p2012-02-05am.mp3','/cogmedia/content/2012/03',1,1,'Y'),(9,'Can\'t Take Jesus Away',2,6,1,'2012-01-29','2012-05-28','ssp20120129.mp3','/cogmedia/content/2012/01',1,8,'Y'),(10,'You Were Faithful Yesterday',2,6,1,'2012-01-29','2012-05-28','ssa20120129.mp3','/cogmedia/content/2012/01',1,8,'Y'),(11,'Law of God',1,3,1,'2012-05-27','2012-05-28','p2012-05-27am.mp3','/cogmedia/content/2012/05',1,1,'Y'),(12,'Spiritual Commerce',1,4,1,'2012-05-27','2012-05-28','p2012-05-27pm.mp3','/cogmedia/content/2012/05',1,2,'Y'),(13,'Awesome Gospel Workers',1,8,1,'2012-05-13','2012-05-28','p2012-05-13am.mp3','/cogmedia/content/2012/05',1,2,'Y'),(14,'The Mark of a Child of God',1,3,1,'2012-04-29','2012-05-28','p2012-04-29am.mp3','/cogmedia/content/2012/04',1,2,'Y'),(15,'Inversely Proportional',1,4,1,'2012-05-06','2012-05-28','p2012-05-06am.mp3','/cogmedia/content/2012/05',1,2,'Y'),(17,'God Knows the Way',1,3,1,'2016-02-25','2016-02-29','p2016-02-25pm.mp3','/cogmedia/content/2016/02',1,9,'Y'),(18,'Follow God',1,3,1,'2016-02-26','2016-02-29','p2016-02-26pm.mp3','/cogmedia/content/2016/02',1,9,'Y'),(19,'Relationships',1,3,1,'2016-02-27','2016-02-29','p2016-02-27pm.mp3','/cogmedia/content/2016/02',1,9,'Y'),(20,'Through The Fire',1,8,1,'2016-02-28','2016-03-01','2016-02-28.mp3','/cogmedia/content/2016/02',3,9,'Y'),(21,'Hope, Love and Patience',1,3,1,'2012-08-19','2016-03-02','p2012-08-19am..mp3','/cogmedia/content/2012/08',1,1,'Y'),(22,'Come and Learn of Me',1,6,1,'2012-08-26','2016-03-02','p2012-08-26am.mp3','/cogmedia/content/2012/08',1,2,'Y'),(23,'Christ the Source of Life',1,6,1,'2012-09-02','2016-03-02','p2012-09-02am..mp3','/cogmedia/content/2012/09',1,3,'Y'),(24,'Gem Production Process',1,8,1,'2016-03-06','2016-03-06','p2016-03-06am.mp3','/cogmedia/content/2016/03',1,2,'Y'),(25,'Ministry of Reconciliation',1,5,1,'2016-03-13','2016-03-13','Record_0005.mp3','/cogmedia/content/2016/03',3,2,'Y'),(26,'Safety in the Love of God',1,3,1,'2012-09-23','2016-04-10','p2012-09-23am.mp3','/cogmedia/content/2012/09',1,1,'Y'),(27,'Keep the Faith',1,3,1,'2012-10-28','2016-04-10','p2012-10-28am.mp3','/cogmedia/content/2012/10',1,1,'Y'),(28,'By One Man',1,3,1,'2012-11-04','2016-04-10','p2012-11-04am.mp3','/cogmedia/content/2012/11',1,1,'Y'),(29,'God\'s Covenant is Sure',1,3,1,'2012-11-11','2016-04-10','p2012-11-11am.mp3','/cogmedia/content/2012/11',1,1,'Y'),(30,'Give Thanks in All Things',1,4,1,'2012-11-18','2016-04-10','p2012-11-18am.mp3','/cogmedia/content/2012/11',1,1,'Y'),(31,'Repairing the Breach',1,9,1,'2012-11-25','2016-04-10','p2012-11-25am.mp3','/cogmedia/content/2012/11',1,2,'Y'),(32,'Cast of Characters',1,9,1,'2016-04-03','2016-04-10','p2016-04-03am.mp3','/cogmedia/content/2016/04',1,2,'Y'),(33,'Be Ye Steadfast',1,4,1,'2016-04-10','2016-04-10','p2016-04-10am.mp3','/cogmedia/content/2016/04',1,2,'Y'),(34,'A Friend Closer Than Brother',1,4,1,'2012-12-09','2016-04-10','p2012-12-09am.mp3','/cogmedia/content/2012/12',1,1,'Y'),(35,'Jesus, Light of the World',1,4,1,'2012-12-16','2016-04-10','p2012-12-16am.mp3','/cogmedia/content/2012/12',1,1,'Y'),(36,'God\'s Heritage',1,4,1,'2012-12-23','2016-04-10','p2012-12-23am.mp3','/cogmedia/content/2012/12',1,1,'Y'),(37,'God\'s Order',1,3,1,'2012-04-22','2016-04-10','p2012-04-22am.mp3','/cogmedia/content/2012/04',1,1,'Y'),(38,'No Shame in the Gospel',1,9,1,'2012-04-22','2016-04-10','p2012-04-22pm.mp3','/cogmedia/content/2012/04',1,2,'Y'),(39,'God Our Refuge',1,10,1,'2013-07-07','2016-04-17','p2013-07-07am.mp3','/cogmedia/content/2013/07',1,1,'Y'),(40,'The Lord is My Shepherd',1,3,1,'2013-07-14','2016-04-17','p2013-07-14am.mp3','/cogmedia/content/2013/07',1,1,'Y'),(41,'A Continuing City',1,3,1,'2013-08-04','2016-04-17','p2013-08-04am.mp3','/cogmedia/content/2013/08',1,1,'Y'),(42,'Your Personal Advocate',1,3,1,'2013-09-08','2016-04-17','p2013-09-08am.mp3','/cogmedia/content/2013/09',1,1,'Y'),(43,'Never Alone',1,3,1,'2013-09-29','2016-04-17','p2013-09-29.mp3','/cogmedia/content/2013/09',1,1,'Y'),(44,'Perfecting the Love of God',1,8,1,'2013-01-13','2016-04-17','p2013-01-13am.mp3','/cogmedia/content/2013/01',1,1,'Y'),(45,'The Prize',1,4,1,'2013-03-31','2016-04-17','p2013-03-31am.mp3','/cogmedia/content/2013/03',1,1,'Y'),(46,'Your Heart in the Game',1,8,1,'2013-04-14','2016-04-17','p2013-04-14am.mp3','/cogmedia/content/2013/04',1,1,'Y'),(47,'God\'s Generosity',1,11,1,'2013-04-14','2016-04-17','p2013-04-14pm.mp3','/cogmedia/content/2013/04',1,2,'Y'),(48,'Grafted into God\'s Family',1,12,1,'2013-04-28','2016-04-17','p2013-04-28am.mp3','/cogmedia/content/2013/04',1,3,'Y'),(49,'Resist the Devil',1,3,1,'2013-05-05','2016-04-17','p2013-05-05am.mp3','/cogmedia/content/2013/05',1,1,'Y'),(50,'Behold The City of Zion',1,12,1,'2016-04-24','2016-04-24','Behold the City of Zion(1).mp3','/cogmedia/content/2016/04',3,2,'Y'),(51,'Encourage Yourself in the Lord',1,4,1,'2016-05-08','2016-05-08','p2016-05-08am.mp3','/cogmedia/content/2016/05',1,2,'Y'),(52,'What Effects Our Motivation',1,11,1,'2016-05-01','2016-05-19','p2016-05-01am.mp3','/cogmedia/content/2016/05',3,2,'Y'),(53,'When the Going Gets Tough ...',1,4,1,'2016-05-15','2016-05-25','p2016-05-15am.mp3','/cogmedia/content/2016/05',1,2,'Y'),(54,'Time to Remember',1,4,1,'2016-05-29','2016-06-06','p2016-05-29am.mp3','/cogmedia/content/2016/05',1,2,'Y'),(55,'I\'m Not Who I Used To Be',1,14,1,'2016-06-05','2016-06-06','p2016-06-05am.mp3','/cogmedia/content/2016/06',1,2,'Y'),(56,'Christ our Stabilizing Force',1,3,1,'2016-06-12','2016-06-12','p2016-06-12am.mp3','/cogmedia/content/2016/06',1,2,'Y'),(57,'He Maketh the Storm a Calm',1,3,1,'2016-07-03','2016-07-06','p2016-07-03am.mp3','/cogmedia/content/2016/07',1,10,'Y'),(58,'Carefully Maintain Good Works',1,8,1,'2016-07-10','2016-07-11','p2016-07-10am.mp3','/cogmedia/content/2016/07',1,2,'Y'),(59,'Hope',3,3,1,'2016-07-03','2016-07-18','2016-07-03-198.mp3','/cogmedia/content/2016/07',1,8,'Y'),(60,'The Solid Rock',3,6,1,'2016-07-03','2016-07-18','2016-07-03-51.mp3','/cogmedia/content/2016/07',1,8,'Y'),(61,'Beautiful',3,10,1,'2016-07-03','2016-07-18','2016-07-03-182.mp3','/cogmedia/content/2016/07',1,8,'Y'),(62,'Sweet Bye and Bye',3,10,1,'2016-07-03','2016-07-18','2016-07-03-byeNbye.mp3','/cogmedia/content/2016/07',1,8,'Y'),(63,'Sitting at the Feet of Jesus',3,11,1,'2016-07-03','2016-07-18','2016-07-03-175.mp3','/cogmedia/content/2016/07',1,8,'Y'),(64,'Lighthouse',3,6,1,'2016-07-03','2016-07-18','2016-07-03-lighthouse.mp3','/cogmedia/content/2016/07',1,8,'Y'),(65,'What a Friend',3,6,1,'2016-07-03','2016-07-18','2016-07-03-179.mp3','/cogmedia/content/2016/07',1,8,'Y'),(66,'God is Love',3,13,1,'2016-07-03','2016-07-18','2016-07-03-140.mp3','/cogmedia/content/2016/07',1,8,'Y'),(67,'Abide With Me',3,10,1,'2016-07-03','2016-07-18','2016-07-03-342.mp3','/cogmedia/content/2016/07',1,8,'Y'),(68,'The Virtue of Faith',3,3,1,'2016-07-03','2016-07-18','2016-07-03-284.mp3','/cogmedia/content/2016/07',1,8,'Y'),(69,'Holding On to Jesus',3,3,1,'2016-07-03','2016-07-18','2016-07-03-holding.mp3','/cogmedia/content/2016/07',1,8,'Y'),(70,'Amazing Love',3,13,1,'2016-07-03','2016-07-18','2016-07-03-amazing.mp3','/cogmedia/content/2016/07',1,8,'Y'),(71,'Soaring Like Eagles',1,14,1,'2016-08-07','2016-08-07','p2016-08-07am.mp3','/cogmedia/content/2016/08',1,11,'Y'),(72,'Taking God at His Word',1,3,1,'2016-08-21','2016-08-21','p2016-08-21am.mp3','/cogmedia/content/2016/08',1,3,'Y'),(73,'Spiritual Maintenance',1,11,1,'2016-08-28','2016-09-04','p2016-08-28am.mp3','/cogmedia/content/2016/08',1,2,'Y'),(74,'A Time to Build',1,9,1,'2016-09-11','2016-09-17','p2016-09-11am.mp3','/cogmedia/content/2016/09',1,2,'Y'),(75,'A Love Beyond Nostalgia',1,3,1,'2016-09-04','2016-09-17','p2016-09-04am.mp3','/cogmedia/content/2016/09',1,10,'Y'),(76,'Our Greatest Thoughts',1,11,1,'2016-10-30','2016-11-17','Our Greatest Thoughts .mp3','/cogmedia/content/2016/10',3,10,'Y'),(77,'Passive Agressive',1,11,1,'2016-11-13','2016-11-17','Passive Aggressive.mp3','/cogmedia/content/2016/11',3,10,'Y'),(78,'Take the Shield of Faith',1,3,1,'2016-10-23','2016-12-18','p2016-10-23am.mp3','/cogmedia/content/2016/10',1,2,'Y'),(79,'Covenant Wrought By Faith',1,14,2,'2016-11-06','2016-12-18','p2016-11-06am.mp3','/cogmedia/content/2016/11',1,2,'Y'),(80,'Robbing God',1,8,1,'2016-12-11','2016-12-18','p2016-12-11am.mp3','/cogmedia/content/2016/12',1,2,'Y'),(81,'Remember Me',1,3,1,'2016-12-18','2016-12-18','p2016-12-18am.mp3','/cogmedia/content/2016/12',1,10,'Y'),(82,'The Love Mender',1,6,1,'2016-11-27','2016-12-18','p2016-11-27am.mp3','/cogmedia/content/2016/11',1,10,'Y'),(83,'Not Coming This Way Before',1,11,1,'2017-01-01','2017-01-01','YeHaveNotGoneThisWay.mp3','/cogmedia/content/2017/01',3,10,'Y'),(84,'A Cheat Sheet',1,6,1,'2017-01-01','2017-01-01','A Cheat Sheet.mp3','/cogmedia/content/2017/01',3,10,'Y'),(85,'Building Confidence',1,11,1,'2017-01-15','2017-01-15','Building Confidence.mp3','/cogmedia/content/2017/01',3,2,'Y'),(86,'A Friend Closer Than A Brother',1,6,1,'2015-02-15','2017-01-16','FriendCloser.mp3','/cogmedia/content/2015/02',3,1,'Y'),(87,'God Has One True Doctrine',1,5,1,'2015-02-01','2017-01-16','God Has One True Doctrine.mp3','/cogmedia/content/2015/02',3,1,'Y'),(88,'God Hath Commanded a Blessing',1,6,1,'2015-03-15','2017-01-16','GodCommandedBlessing.mp3','/cogmedia/content/2015/03',3,1,'Y'),(89,'God\'s Wisdom',1,11,1,'2015-03-01','2017-01-16','Gods Wisdom.mp3','/cogmedia/content/2015/03',3,1,'Y'),(90,'I Am Not Alone',1,10,1,'2015-03-15','2017-01-16','I Am Not Alone.mp3','/cogmedia/content/2015/03',3,1,'Y'),(91,'The Glory of His Love',1,13,1,'2015-01-11','2017-01-17','The Glory of His Love.mp3','/cogmedia/content/2015/01',3,1,'Y'),(92,'The Hard Facts; Through Faith',1,3,1,'2015-01-25','2017-01-16','TheHardFacts.mp3','/cogmedia/content/2015/01',3,1,'Y'),(93,'The Perfect Author',1,6,1,'2015-01-04','2017-01-17','ThePerfectAuthor.mp3','/cogmedia/content/2015/01',3,1,'Y'),(94,'The Star',1,6,1,'2014-11-02','2017-01-17','The Star.mp3','/cogmedia/content/2015/01',3,1,'Y'),(95,'A Sustaining Strength',1,4,1,'2015-03-15','2017-01-17','A Sustaining Strength.mp3','/cogmedia/content/2015/01',3,2,'Y'),(96,'Lord, I\'ve Seen My Salvation!',1,12,1,'2015-03-01','2017-01-17','LordSeenSalvation.mp3','/cogmedia/content/2015/03',3,2,'Y'),(97,'The Tools That Promote Peace',1,14,1,'2015-01-25','2017-01-17','ToolsPromotePeace.mp3','/cogmedia/content/2015/01',3,2,'Y'),(98,'There\'s A Place For You',1,4,1,'2015-02-15','2017-01-17','There\'s A Place For You.mp3','/cogmedia/content/2015/01',3,2,'Y'),(99,'Through It All',1,12,1,'2015-01-18','2017-01-17','Through It All.mp3','/cogmedia/content/2015/01',3,2,'Y'),(100,'Wait God\'s Timing is Perfect',1,11,1,'2015-01-18','2017-01-17','GodTimingPerfect.mp3','/cogmedia/content/2015/01',3,2,'Y'),(101,'We\'re All Part of a Picture',1,14,1,'2015-02-22','2017-01-17','PartOfPicture.mp3','/cogmedia/content/2015/02',3,2,'Y'),(102,'Is Your Heart in God\'s Work',1,8,1,'2015-02-07','2017-01-17','HeartFully.mp3','/cogmedia/content/2016/02',3,4,'Y'),(103,'The Example Set By Christ',1,6,1,'2015-02-08','2017-01-17','The Example Set By Christ.mp3','/cogmedia/content/2015/02',3,4,'Y'),(104,'All Things Are Yours',1,3,1,'2017-01-29','2017-01-30','p2017-01-29am.mp3','/cogmedia/content/2017/01',1,10,'Y'),(105,'By Their Example',1,3,1,'2017-01-22','2017-01-30','p2017-01-22am.mp3','/cogmedia/content/2017/01',1,2,'Y'),(106,'Wonderful, Merciful Savior',2,4,1,'2017-01-29','2017-01-30','ss2017-01-29-1155.mp3','/cogmedia/content/2017/01',1,8,'Y'),(107,'Perfectly Broken',2,4,1,'2017-01-29','2017-01-30','ss2017-01-29-1158.mp3','/cogmedia/content/2017/01',1,12,'Y'),(108,'The Word of God',1,11,1,'2017-02-19','2017-02-19','The Word of God.mp3','/cogmedia/content/2017/02',3,2,'Y'),(109,'Loves Carvings',1,13,1,'2017-02-19','2017-02-19','Loves Carvings.mp3','/cogmedia/content/2017/02',3,10,'Y'),(110,'Living in Two Kingdoms',1,3,1,'2017-02-05','2017-03-12','p2017-02-05am.mp3','/cogmedia/content/2017/02',1,10,'Y'),(111,'Being About Father\'s Business',1,9,1,'2017-02-12','2017-03-12','p2017-02-12am.mp3','/cogmedia/content/2017/02',1,2,'Y'),(112,'A Vision of the Big Picture',1,3,1,'2017-02-26','2017-03-12','p2017-02-26am.mp3','/cogmedia/content/2017/02',1,2,'Y'),(113,'Our Choices',1,11,1,'2017-03-05','2017-03-12','p2017-03-05am.mp3','/cogmedia/content/2017/03',1,2,'Y'),(114,'A Position of Life',1,14,1,'2017-04-02','2017-04-03','A Position of Life.mp3','/cogmedia/content/2017/04',3,10,'Y'),(115,'Don\'t Settle',1,11,1,'2017-03-05','2017-04-03','Dont Settle.mp3','/cogmedia/content/2017/03',3,10,'Y'),(116,'A Quite Place',1,4,1,'2017-03-26','2017-04-03','A Quite Place .mp3','/cogmedia/content/2017/03',3,10,'Y'),(117,'Take Heed',1,11,1,'2017-04-02','2017-04-03','Take Heed.mp3','/cogmedia/content/2017/04',3,2,'Y'),(118,'GOAT',1,6,1,'2017-04-16','2017-04-19','p2017-04-16am.mp3','/cogmedia/content/2017/04',1,2,'Y'),(119,'Joy in Discomfort',1,3,2,'2017-04-23','2017-04-30','p2017-04-23am.mp3','/cogmedia/content/2017/04',1,10,'Y'),(120,'Inward Manifestation',1,11,1,'2017-04-30','2017-04-30','p2017-04-30am.mp3','/cogmedia/content/2017/04',1,13,'Y'),(121,'Resting in Christ\'s Authority',1,3,1,'2017-05-14','2017-05-14','p2017-05-14am.mp3','/cogmedia/content/2017/05',1,3,'Y'),(122,'Inspect, Recognize, Apply',1,8,1,'2017-05-21','2017-06-11','p2017-05-21am.mp3','/cogmedia/content/2017/05',1,2,'Y'),(123,'Song of Praise',3,15,1,'2017-06-18','2017-07-03','cs2017-06-18-songOfPraise.mp3','/cogmedia/content/2017/06',1,14,'Y'),(124,'Shepherd\'s Point of View',2,4,1,'2017-06-18','2017-07-03','ss2017-06-18-shepherdpov.mp3','/cogmedia/content/2017/06',1,8,'Y'),(125,'Benefits of True Wealth',1,3,1,'2017-06-18','2017-07-03','p2017-06-18am.mp3','/cogmedia/content/2017/06',1,2,'Y'),(126,'I Will Tell The Wondrous Story',3,4,1,'2017-07-02','2017-07-03','2017-07-02-WondrousStory.mp3','/cogmedia/content/2018/07',1,14,'Y'),(127,'Press the Battle On',3,14,1,'2017-07-02','2017-07-03','2017-07-02-PressBattle.mp3','/cogmedia/content/2017/07',1,14,'Y'),(128,'You Ought To Sing',3,4,1,'2017-07-02','2017-07-03','2017-07-02-oughtToSing.mp3','/cogmedia/content/2017/07',1,14,'Y'),(129,'What WIll It Be To Be There',3,4,1,'2017-07-02','2017-07-03','2017-07-02-whatwillitbe.mp3','/cogmedia/content/2017/07',1,14,'Y'),(130,'Starry Nights at the Beaches',1,6,1,'2017-07-03','2017-07-03','p2017-07-02am.mp3','/cogmedia/content/2017/07',1,10,'Y'),(131,'Sing It Again',3,15,1,'2017-07-02','2017-07-03','2017-07-02-singitagain.mp3','/cogmedia/content/2017/07',1,14,'Y'),(132,'Glorious Peace',3,15,1,'2017-07-02','2017-07-03','2017-07-02-peace.mp3','/cogmedia/content/2017/07',1,14,'Y'),(133,'Ba an Overcomer',3,14,1,'2017-07-02','2017-07-03','2017-07-02-overcome.mp3','/cogmedia/content/2017/07',1,14,'Y'),(134,'This is Why I Love My Savior',3,15,1,'2017-07-02','2017-07-03','2017-07-02-thisiswhy.mp3','/cogmedia/content/2017/07',1,14,'Y'),(135,'Word of God',3,4,1,'2017-07-02','2017-07-03','2017-07-02-wordOfGod.mp3','/cogmedia/content/2017/07',1,14,'Y'),(136,'Only His Touch Speaks Peace',1,6,1,'2017-07-03','2017-07-05','p2017-07-02pm.mp3','/cogmedia/content/2017/07',1,3,'Y'),(137,'Making Preparation',1,11,1,'2017-06-04','2017-07-10','Making Preparation.mp3','/cogmedia/content/2017/06',3,2,'Y'),(138,'To Name Your Kids Again',1,6,1,'2017-06-11','2017-07-10','To Name Your Kids Again.mp3','/cogmedia/content/2017/06',3,10,'Y'),(139,'Continue on',1,3,1,'2017-07-09','2017-07-22','Continueon.mp3','/cogmedia/content/2017/07',3,2,'Y'),(140,'Patterns',1,3,1,'2017-07-16','2017-07-22','Patterns.mp3','/cogmedia/content/2017/07',3,10,'Y'),(141,'Grace Through Him',4,12,1,'2017-08-09','2017-08-09','Grace_Through_Him[1].mp3','/cogmedia/content/2017/08',3,10,'Y'),(142,'Labor For That Which Endures',1,3,1,'2017-08-13','2017-08-15','Dad.mp3','/cogmedia/content/2017/08',3,2,'Y'),(143,'Hey, We\'re Up To Bat',5,9,1,'2017-08-12','2017-08-15','Hey, were up to bat.mp3','/cogmedia/content/2017/08',3,16,'Y'),(144,'Spiritual Eating',1,11,1,'2017-08-27','2017-08-28','Spiritual Eating.mp3','/cogmedia/content/2017/08',3,2,'Y'),(145,'Pacoima Young People\'s Meeting',5,11,9,'2017-08-19','2017-08-28','YPM Pacoima.mp3','/cogmedia/content/2017/08',3,17,'Y'),(146,'Our Identity',1,11,1,'2017-09-17','2017-10-23','Our Identity.mp3','/cogmedia/content/2017/09',3,2,'Y'),(147,'Living An Upside Down Life',1,9,1,'2017-09-10','2017-10-23','LivingAnUpsideDownLife.mp3','/cogmedia/content/2017/09',3,10,'Y'),(148,'Spiritual Investments',1,11,1,'2017-09-17','2017-10-23','Spiritual Investments.mp3','/cogmedia/content/2017/09',3,10,'Y'),(149,'To The Saints At:',1,5,1,'2017-10-08','2017-10-23','10-08-2017.mp3','/cogmedia/content/2017/10',3,10,'Y'),(150,'Romans 7',5,12,1,'2017-09-23','2017-10-23','Romans Chapter 7.mp3','/cogmedia/content/2017/09',3,10,'Y'),(151,'Divine Inspiration',1,4,1,'2017-09-24','2017-11-12','Devine Inspiration.mp3','/cogmedia/content/2017/09',1,2,'Y'),(152,'What We Have In Christ',1,11,1,'2017-10-01','2017-10-23','What We Have In Christ.mp3','/cogmedia/content/2017/10',3,10,'Y'),(153,'In This World; Not of It',1,11,1,'2017-10-01','2017-10-23','In This World; Not of It.mp3','/cogmedia/content/2017/10',3,2,'Y'),(154,'Who is in Your Posse?',1,14,1,'2017-10-15','2017-10-23','Who is in Your Posse.mp3','/cogmedia/content/2017/10',3,2,'Y'),(155,'Free Shipping',1,6,1,'2017-10-22','2017-10-23','Free Shipping.mp3','/cogmedia/content/2017/10',3,10,'Y'),(156,'That New Car Smell',1,14,2,'2017-11-12','2017-12-17','p2017-11-12am.mp3','/cogmedia/content/2017/11',1,18,'Y'),(157,'Ever Faithful',2,13,2,'2017-11-12','2017-11-12','ss2017-11-12-ever-faithful.mp3','/cogmedia/content/2017/11',1,8,'Y'),(158,'The Son Hath Made Me Free',2,12,2,'2017-11-11','2017-11-12','ss2012-11-11-sonmademefree.mp3','/cogmedia/content/2017/11',1,19,'Y'),(159,'Keep Your Trust in Jesus',2,3,2,'2017-11-11','2017-11-12','ss2012-11-11trustinjesus.mp3','/cogmedia/content/2017/11',1,19,'Y'),(160,'Amazing Love',2,13,2,'2017-11-11','2017-11-12','ss2012-11-11-amazinglove.mp3','/cogmedia/content/2017/11',1,20,'Y'),(161,'Wise Man Built His House',2,11,2,'2017-11-11','2017-11-12','ss2012-11-11-wisemanbuild.mp3','/cogmedia/content/2017/11',1,20,'Y'),(162,'My Anchor Of Hope',2,3,2,'2017-11-11','2017-11-12','ss2012-11-11-anchorofhope.mp3','/cogmedia/content/2017/11',1,8,'Y'),(163,'He Touched Me',2,16,2,'2017-11-11','2017-11-12','ss2012-11-11he-touched-me.mp3','/cogmedia/content/2017/11',1,21,'Y'),(164,'He Lifts Me Higher',2,4,2,'2017-11-11','2017-11-12','ss2012-11-11-higher.mp3','/cogmedia/content/2017/11',1,21,'Y'),(165,'Who Am I?',2,16,2,'2017-11-11','2017-11-12','ss2017-11-11-whoami.mp3','/cogmedia/content/2017/11',1,21,'Y'),(166,'Never Made A Promise',2,3,2,'2017-11-11','2017-11-12','ss2017-11-11neverpromise.mp3','/cogmedia/content/2017/11',1,8,'Y'),(167,'Prayer Bells of Heaven',2,3,2,'2017-11-11','2017-11-12','2017-11-11-prayerbells.mp3','/cogmedia/content/2017/11',1,22,'Y'),(168,'Be Ready',1,12,2,'2017-11-11','2017-11-12','p2017-11-11pm.mp3','/cogmedia/content/2017/11',1,18,'Y'),(169,'Spiritual Underbrush',1,11,1,'2017-11-19','2017-12-03','p2017-11-19am.mp3','/cogmedia/content/2017/11',1,2,'Y'),(170,'To Your Faith Add Knowledge',1,18,1,'2017-11-05','2017-11-26','p2017-11-05am.mp3','/cogmedia/content/2017/11',1,2,'Y'),(171,'Dominion of Christ',1,14,1,'2017-11-26','2017-12-03','p2017-11-26am.mp3','/cogmedia/content/2017/11',1,10,'Y'),(172,'The Mind of Christ',1,14,1,'2017-12-03','2017-12-09','p2017-12-03am.mp3','/cogmedia/content/2017/12',1,2,'Y'),(173,'The Almond in the Garden',1,6,1,'2017-12-03','2017-12-09','p2017-12-03pm.mp3','/cogmedia/content/2017/12',1,10,'Y'),(174,'Announcing Arrival of Christ',1,9,1,'2017-12-10','2017-12-17','p2017-12-10am.mp3','/cogmedia/content/2017/12',1,2,'Y'),(175,'Value of Tragedy',1,3,1,'2017-12-31','2018-01-07','p2017-12-31am.mp3','/cogmedia/content/2017/12',1,2,'Y'),(176,'The Power Within You',1,4,1,'2017-11-10','2018-01-10','Exceeding Abundantly Above.mp3','/cogmedia/content/2017/11',3,18,'Y'),(177,'Never Made A Promise',2,16,1,'2018-01-07','2018-01-20','ss2018-01-07am.mp3','/cogmedia/content/2018/01',1,8,'Y'),(178,'Seeing the Glory of God',1,3,1,'2018-01-07','2018-01-20','p2018-01-07am.mp3','/cogmedia/content/2018/01',1,10,'Y'),(179,'Joy in Service',1,16,1,'2018-01-07','2018-01-20','p2018-01-07pm.mp3','/cogmedia/content/2018/01',1,2,'Y'),(180,'Bear Another\'s Burdens',1,11,1,'2018-01-14','2018-01-20','p2018-01-14am.mp3','/cogmedia/content/2018/01',1,2,'Y'),(181,'The Prudent Man',1,11,1,'2018-01-21','2018-01-21','p2018-01-21am.mp3','/cogmedia/content/2018/01',1,2,'Y'),(182,'Urgings of the Apostles',1,18,1,'2018-01-21','2018-01-21','p2018-01-21pm.mp3','/cogmedia/content/2018/01',1,10,'Y'),(183,'Walking with God',1,8,1,'2018-01-28','2018-01-28','p2018-01-28am.mp3','/cogmedia/content/2018/01',1,10,'Y'),(184,'One Bite at a Time',1,18,1,'2018-02-04','2018-02-18','p2018-02-04am.mp3','/cogmedia/content/2018/02',1,2,'Y'),(185,'Source of True Progress',1,18,1,'2018-02-04','2018-02-18','p2018-02-04pm.mp3','/cogmedia/content/2018/02',1,10,'Y'),(186,'Thinking Errors',1,14,1,'2018-02-18','2018-02-18','p2018-02-18am.mp3','/cogmedia/content/2018/02',1,2,'Y'),(187,'Spiritually Stubborn',1,14,1,'2018-02-18','2018-02-18','p2018-02-18pm.mp3','/cogmedia/content/2018/02',1,2,'Y'),(188,'He Cares',1,4,1,'2018-02-25','2018-03-09','p2018-02-25am.mp3','/cogmedia/content/2018/02',1,2,'Y'),(189,'The Work of God',1,3,1,'2018-03-04','2018-03-09','p2018-03-04am.mp3','/cogmedia/content/2018/03',1,2,'Y'),(190,'Kiss the Son',1,8,1,'2018-03-04','2018-03-09','p2018-03-04pm.mp3','/cogmedia/content/2018/03',1,10,'Y'),(191,'Playing to Win',1,14,1,'2018-03-11','2018-03-13','p2018-03-11am.mp3','/cogmedia/content/2018/03',1,2,'Y'),(192,'The Wisdom of God',1,19,1,'2018-03-18','2018-03-18','p2018-03-18am.mp3','/cogmedia/content/2018/03',1,10,'Y'),(193,'DIstractions',1,14,1,'2018-03-18','2018-03-18','p2018-03-18pm.mp3','/cogmedia/content/2018/03',1,2,'Y'),(194,'Be an Overcomer',3,14,1,'2018-03-18','2018-03-18','cs2018-03-18-Overcomer.mp3','/cogmedia/content/2018/03',1,14,'Y'),(195,'Press the Battle On',3,14,1,'2018-03-18','2018-03-18','ss-2018-3-18-PressBON.mp3','/cogmedia/content/2018/03',1,14,'Y'),(196,'The Land of Beulah',3,4,1,'2018-03-18','2018-03-18','cs2018-03-18Beulah.mp3','/cogmedia/content/2018/03',1,14,'Y'),(197,'Never Alone',3,10,1,'2018-03-18','2018-03-18','cs2018-03-18NeverAlone.mp3','/cogmedia/content/2018/03',1,14,'Y'),(198,'I\'ll Follow Jesus',3,8,1,'2018-03-18','2018-03-18','cs2018-03-18followJesus.mp3','/cogmedia/content/2018/03',1,14,'Y'),(199,'God Omnicient',3,16,1,'2018-03-18','2018-03-19','cs2018-03-18Omnicient.mp3','/cogmedia/content/2018/03',1,14,'Y'),(201,'Satisfied in Jesus',3,6,1,'2018-03-18','2018-03-19','cs2018-03-18-satisfied.mp3','/cogmedia/content/2018/03',1,14,'Y'),(202,'Satisfies My Soul',3,12,1,'2018-03-18','2018-03-19','cs-2018-03-18satisfies.mp3','/cogmedia/content/2018/03',1,14,'Y'),(203,'Real Freedom',1,3,1,'2018-03-25','2018-03-25','p2018-03-25am.mp3','/cogmedia/content/2018/03',1,2,'Y'),(204,'Bless Your Holy Name Again',2,15,1,'2018-04-01','2018-04-01','ss2018-04-01am.mp3','/cogmedia/content/2018/04',1,8,'Y'),(205,'I\'m Redeemed',3,12,1,'2018-04-01','2018-04-01','cs2018-04-01redeemed.mp3','/cogmedia/content/2018/04',1,14,'Y'),(206,'Decision Tree',1,11,1,'2018-04-08','2018-04-08','p2018-04-08am.mp3','/cogmedia/content/2018/04',1,2,'Y'),(207,'Impossible is Nothing',1,3,1,'2018-04-15','2018-04-15','p2018-04-15am.mp3','/cogmedia/content/2018/04',1,2,'Y'),(208,'Abide in the Love of God',1,13,1,'2018-04-15','2018-04-15','p2018-04-15pm.mp3','/cogmedia/content/2018/04',1,10,'Y'),(209,'One Thing I Can Do',3,3,1,'2018-04-15','2018-04-15','cs2018-04-15OneThing.mp3','/cogmedia/content/2018/04',1,14,'Y'),(210,'Heaven Holds All To Me',3,17,1,'2018-04-15','2018-04-15','cs2018-04-15HeavenHoldsAll.mp3','/cogmedia/content/2018/04',1,14,'Y'),(211,'He is Just the Same Today',3,6,1,'2018-04-15','2018-04-15','cs2018-04-15JustTheSame.mp3','/cogmedia/content/2018/04',1,14,'Y'),(212,'Never Alone',3,3,1,'2018-04-15','2018-04-15','cs2018-04-15NeverAlone.mp3','/cogmedia/content/2018/04',1,14,'Y'),(213,'In Thou Whose Presence',3,16,1,'2018-04-15','2018-04-15','cs2018-04-15ThouPresence.mp3','/cogmedia/content/2018/04',1,14,'Y'),(214,'Conscience Void of Offence',1,8,1,'2018-04-29','2018-05-06','p2018-04-29am.mp3','/cogmedia/content/2018/04',1,2,'Y'),(215,'The Wondrous Story',3,6,1,'2018-04-29','2018-05-06','cs2018-04-29Wondrous.mp3','/cogmedia/content/2018/04',1,14,'Y'),(216,'What a Friend',3,6,1,'2018-04-29','2018-05-06','cs2018-04-29Friend.mp3','/cogmedia/content/2018/04',1,14,'Y'),(217,'There is a Fountain',3,6,1,'2018-04-29','2018-05-06','cs2018-04-29Fountain.mp3','/cogmedia/content/2018/04',1,14,'Y'),(218,'Joy in the Lord',3,4,1,'2018-04-29','2018-05-06','cs2018-04-29JoyInLord.mp3','/cogmedia/content/2018/04',1,14,'Y'),(219,'The Word of God',3,3,1,'2018-04-29','2018-05-06','cs2018-04-29WordofGod.mp3','/cogmedia/content/2018/04',1,14,'Y'),(220,'The Lord Will Get You There',1,3,1,'2018-05-06','2018-05-20','p2018-05-06am.mp3','/cogmedia/content/2018/05',1,2,'Y'),(221,'Recharging',1,11,1,'2018-05-13','2018-05-20','p2018-05-13am.mp3','/cogmedia/content/2018/05',1,2,'Y'),(222,'Press the Battle On',3,14,1,'2018-05-20','2018-05-20','cs2018-05-20PressBattle.mp3','/cogmedia/content/2018/05',1,14,'Y'),(223,'Opening Song',3,15,1,'2018-05-20','2018-05-20','CS2018-05-20Opening.mp3','/cogmedia/content/2018/05',1,14,'Y'),(224,'Song of Praise',3,15,1,'2018-05-20','2018-05-20','cs2018-05-20SongOfPraise.mp3','/cogmedia/content/2018/05',1,14,'Y'),(225,'Sacrifice, Seek, Save',1,9,1,'2018-05-20','2018-05-20','p2018-05-20am.mp3','/cogmedia/content/2018/05',1,2,'Y'),(226,'The Battle\'s Not Mine',2,14,1,'2018-05-27','2018-05-27','ss2018-05-27NotMine.mp3','/cogmedia/content/2018/05',1,8,'Y'),(227,'Encourage Yourself in the Lord',1,3,1,'2018-05-27','2018-05-27','p2018-05-27am.mp3','/cogmedia/content/2018/05',1,2,'Y'),(228,'Friends and Witnesses',1,9,1,'2018-06-10','2018-06-10','p2018-06-10am.mp3','/cogmedia/content/2018/06',1,10,'Y'),(229,'Jesus Lives in Me',3,6,1,'2018-06-10','2018-06-10','cs2018-06-10JesusLives.mp3','/cogmedia/content/2018/06',1,14,'Y'),(230,'Never Alone',3,3,1,'2018-06-10','2018-06-10','cs2018-06-10NeverAlone.mp3','/cogmedia/content/2018/06',1,14,'Y'),(231,'Joy Unspeakable',3,15,1,'2018-06-10','2018-06-10','cs2018-06-10JoyUnspeak.mp3','/cogmedia/content/2018/06',1,14,'Y'),(232,'Test of Time',2,3,1,'2018-06-10','2018-06-10','ss2018-06-10TestTime.mp3','/cogmedia/content/2018/06',1,8,'Y'),(233,'Song of Praise',3,15,1,'2018-06-10','2018-06-10','cs2018-06-10SongPraise.mp3','/cogmedia/content/2018/06',1,14,'Y'),(234,'He Hideth My Soul',3,16,1,'2018-06-10','2018-06-10','cs2018-06-10Hideth.mp3','/cogmedia/content/2018/06',1,14,'Y'),(235,'Hope of the Righteous',3,17,1,'2018-06-10','2018-06-10','cs2018-06-10HopeRight.mp3','/cogmedia/content/2018/06',1,14,'Y'),(236,'Confidence in God',1,3,1,'2018-06-03','2018-06-10','p2018-06-03am.mp3','/cogmedia/content/2018/06',1,2,'Y'),(237,'Everlasting Joy',3,15,1,'2018-06-03','2018-06-10','ss2018-06-03EverJoy.mp3','/cogmedia/content/2018/06',1,14,'Y'),(238,'I Will Tell the Wondrous Story',3,15,1,'2018-06-03','2018-06-10','ss2018-06-03Free.mp3','/cogmedia/content/2018/06',1,14,'Y'),(239,'Come Jesus Reign in Me',3,8,1,'2018-06-03','2018-06-10','ss2018-06-03Reign.mp3','/cogmedia/content/2018/06',1,14,'Y'),(240,'We Will Work for Jesus',3,9,1,'2018-06-03','2018-06-10','ss2018-06-03Work.mp3','/cogmedia/content/2018/06',1,14,'Y'),(241,'Still Lot of Blood at Calvary',2,12,1,'2018-06-03','2018-06-10','ss2018-06-03.mp3','/cogmedia/content/2018/06',1,8,'Y'),(242,'Sweetly Resting',3,15,1,'2018-06-17','2018-06-18','cs2018-06-17SweetlyResting.mp3','/cogmedia/content/2018/06',1,14,'Y'),(243,'My Home is On the Rock',3,6,1,'2018-06-17','2018-06-18','cs2018-06-17HomeRock.mp3','/cogmedia/content/2018/06',1,14,'Y'),(244,'Sweet Rest in Jesus',3,15,1,'2018-06-17','2018-06-18','cs2018-06-17RestInJesus.mp3','/cogmedia/content/2018/06',1,14,'Y'),(245,'You Ought To Sing',3,15,1,'2018-06-17','2018-06-18','cs2018-06-17Ought.mp3','/cogmedia/content/2018/06',1,14,'Y'),(246,'What a Lovely Name',2,6,1,'2018-06-17','2018-06-18','ss2018-06-17LovelyName.mp3','/cogmedia/content/2018/06',1,23,'Y'),(247,'The Father with Two Sons',1,13,1,'2018-06-17','2018-06-18','p2018-06-17am.mp3','/cogmedia/content/2018/06',1,24,'Y'),(248,'Peace in the Glorious Mundane',1,11,1,'2018-07-01','2018-07-01','p2018-07-01am.mp3','/cogmedia/content/2018/07',1,2,'Y'),(249,'A Call to Ministry',1,8,1,'2018-08-05','2018-08-05','p2018-08-05pm.mp3','/cogmedia/content/2018/08',1,10,'Y'),(250,'A Lively Hope',1,3,1,'2018-07-08','2018-08-05','p2018-07-08am.mp3','/cogmedia/content/2018/07',1,2,'Y'),(251,'Spiritual Warfare',1,14,1,'2018-08-05','2018-08-05','p2018-08-05am.mp3','/cogmedia/content/2018/08',1,2,'Y'),(252,'Children of Light',1,9,1,'2018-08-12','2018-09-25','p2018-08-12am.mp3','/cogmedia/content/2018/08',1,10,'Y'),(253,'Fill My Cup, Lord',2,3,1,'2018-08-12','2018-09-25','ss2018-08-12Fill.mp3','/cogmedia/content/2018/08',1,8,'Y'),(254,'Acknowledge Him',1,3,1,'2018-09-02','2018-09-25','p2018-09-02am.mp3','/cogmedia/content/2018/09',1,2,'Y'),(255,'Encounter Jesus Christ',1,9,1,'2018-09-09','2018-09-25','p2018-09-09am.mp3','/cogmedia/content/2018/09',1,10,'Y'),(256,'Stand in the Gap',1,14,1,'2018-09-23','2018-09-25','p2018-09-23am.mp3','/cogmedia/content/2018/09',1,2,'Y'),(257,'Chosen and Recruited',1,4,1,'2018-09-30','2018-10-01','p2018-09-30am.mp3','/cogmedia/content/2018/09',1,2,'Y'),(258,'Double Down on Jesus',1,3,1,'2018-10-14','2018-10-24','p2018-10-14am.mp3','/cogmedia/content/2018/10',1,2,'Y'),(259,'Examine Yourselves',1,11,1,'2018-10-21','2018-10-24','p2018-10-21am.mp3','/cogmedia/content/2018/10',1,2,'Y'),(260,'To The Table',2,3,1,'2018-10-14','2018-10-24','ss2018-10-14am.mp3','/cogmedia/content/2018/10',1,25,'Y'),(261,'Decisive Obedience',1,8,2,'2018-12-02','2018-12-09','p2018-12-02am.mp3','/cogmedia/content/2018/12',1,2,'Y'),(262,'Go Slow to Go Fast',1,11,1,'2018-11-11','2018-12-09','p2018-11-11am.mp3','/cogmedia/content/2018/11',1,2,'Y'),(263,'Bless Your Holy Name Again',2,15,1,'2018-11-11','2018-12-09','ss2018-11-11am.mp3','/cogmedia/content/2018/11',1,8,'Y'),(264,'Be Like the Eagle',1,14,1,'2018-10-28','2018-12-09','p2018-10-28am.mp3','/cogmedia/content/2018/10',1,2,'Y'),(265,'The Happy People',3,15,2,'2018-12-09','2018-12-09','cs2018-12-09happy.mp3','/cogmedia/content/2018/12',1,26,'Y'),(266,'Humble Thyself to Walk',3,8,2,'2018-12-09','2018-12-09','cs2018-12-09humble.mp3','/cogmedia/content/2018/12',1,26,'Y'),(267,'Sitting with Jesus',3,16,2,'2018-12-09','2018-12-09','cs2018-12-09sitting.mp3','/cogmedia/content/2018/12',1,26,'Y'),(268,'Take My Life and Let it Be',3,8,2,'2018-12-09','2018-12-09','cs2018-12-09take.mp3','/cogmedia/content/2018/12',1,26,'Y'),(269,'Fullness of Joy in the Light',1,8,2,'2018-12-09','2018-12-09','p2018-12-09am.mp3','/cogmedia/content/2018/12',1,2,'Y'),(270,'Good Tidings of Great Joy',1,13,2,'2018-12-23','2018-12-31','p2018-12-23am.mp3','/cogmedia/content/2018/12',1,3,'Y'),(271,'The Word of God',1,3,2,'2018-12-16','2018-12-31','p2018-12-16pm.mp3','/cogmedia/content/2018/12',1,2,'Y'),(272,'From the Beginning',1,8,2,'2018-12-16','2018-12-31','p2018-12-16am-huyen.mp3','/cogmedia/content/2018/12',1,10,'N'),(273,'Fringe Benefits',1,18,2,'2019-01-13','2019-01-17','p2019-01-13am.mp3','/cogmedia/content/2019/01',1,2,'Y'),(274,'Satan\'s Long Game',1,14,2,'2019-01-27','2019-01-27','p2019-01-27am.mp3','/cogmedia/content/2019/01',1,2,'Y'),(275,'Be Still',3,3,2,'2019-01-27','2019-01-27','cs2019-01-27-be-still.mp3','/cogmedia/content/2019/01',1,26,'Y'),(276,'Blessed Assurance',3,10,2,'2019-01-27','2019-01-27','cs2019-01-27-assurance.mp3','/cogmedia/content/2019/01',1,26,'Y'),(277,'God is Love',3,16,2,'2019-01-27','2019-01-27','cs2019-01-27-love.mp3','/cogmedia/content/2019/01',1,26,'Y'),(278,'Called to Be Extraordinary',1,4,2,'2019-01-20','2019-01-27','p2019-01-20am.mp3','/cogmedia/content/2019/01',1,2,'Y'),(279,'A Sip of Near Beer',1,14,2,'2019-02-10','2019-02-13','p2019-02-10am.mp3','/cogmedia/content/2019/02',1,2,'Y'),(280,'Victory in Jesus',1,14,2,'2019-02-17','2019-02-17','p2019-02-17pm.mp3','/cogmedia/content/2019/02',1,16,'Y'),(281,'Cultivating Compassion',1,18,2,'2019-02-17','2019-02-17','p2019-02-17am.mp3','/cogmedia/content/2019/02',1,2,'Y'),(282,'The Lighthouse',3,12,2,'2019-02-17','2019-02-17','cs2019-02-17-lighthouse.mp3','/cogmedia/content/2019/02',1,26,'Y'),(283,'Victory',3,15,2,'2019-02-17','2019-02-17','cs2019-02-17-victory.mp3','/cogmedia/content/2019/02',1,26,'Y'),(284,'Happy, Redeemed and Free',3,16,2,'2019-02-17','2019-02-17','cs2019-02-17-happy.mp3','/cogmedia/content/2019/02',1,26,'Y'),(285,'Everlasting Joy',3,4,2,'2019-02-17','2019-02-17','cs2019-02-17-joy.mp3','/cogmedia/content/2019/02',1,26,'Y'),(286,'Hallelujah Praise Jehovah',3,15,2,'2019-02-17','2019-02-17','cs2019-02-17-jehovah.mp3','/cogmedia/content/2019/02',1,26,'Y'),(287,'Opening Song',3,15,2,'2019-02-17','2019-02-17','cs2019-02-17-opening.mp3','/cogmedia/content/2019/02',1,26,'Y'),(288,'Take Us the Little Foxes',1,8,2,'2019-02-24','2019-02-24','p2019-02-24am.mp3','/cogmedia/content/2019/02',1,2,'Y'),(289,'Seeking for Inspiration',1,4,2,'2019-03-03','2019-03-03','p2019-03-03am.mp3','/cogmedia/content/2019/03',1,2,'Y'),(290,'The Battle - Good vs. Evil',1,14,2,'2019-03-17','2019-03-17','p2019-03-17am.mp3','/cogmedia/content/2019/03',1,2,'Y'),(291,'Two Weapons',1,14,2,'2019-03-17','2019-03-17','p2019-03-17pm.mp3','/cogmedia/content/2019/03',1,2,'Y'),(292,'Witness Protection Program',1,12,2,'2019-03-24','2019-03-24','p2019-03-24am.mp3','/cogmedia/content/2019/03',1,16,'Y'),(293,'Suffer the Children',2,13,2,'2019-03-24','2019-03-24','ss2019-03-24am.mp3','/cogmedia/content/2019/03',1,26,'Y'),(294,'Weapons of Our Warfare',1,14,2,'2019-03-31','2019-04-02','p2019-03-31am.mp3','/cogmedia/content/2019/03',1,2,'Y'),(295,'Clear Vision',1,8,2,'2019-04-07','2019-04-07','p2019-04-07am.mp3','/cogmedia/content/2019/04',1,3,'Y'),(296,'Tools for Battle',1,14,2,'2019-04-07','2019-04-07','p2019-04-07pm.mp3','/cogmedia/content/2019/04',1,2,'Y'),(297,'How Could Not We Cast Him Out?',1,14,2,'2019-04-14','2019-04-14','p2019-04-14am.mp3','/cogmedia/content/2019/04',1,2,'Y'),(298,'God our H.O.P.E.',1,14,2,'2019-04-21','2019-04-28','p2019-04-21am.mp3','/cogmedia/content/2019/04',1,2,'Y'),(299,'God\'s Love - Our Confidence',1,14,2,'2019-04-28','2019-04-28','p2019-04-28am.mp3','/cogmedia/content/2019/04',1,2,'Y'),(300,'Jesus is a Hiding Place',2,6,2,'2019-04-28','2019-04-28','ss2019-04-28am.mp3','/cogmedia/content/2019/04',1,25,'Y'),(301,'Because He Lives',2,16,2,'2019-04-21','2019-04-28','ss2019-04-21am.mp3','/cogmedia/content/2019/04',1,27,'Y'),(302,'Battle of the Sexes',1,11,2,'2019-05-12','2019-05-12','p2019-05-12am.mp3','/cogmedia/content/2019/05',1,2,'Y'),(303,'Unlimited Minutes',1,11,2,'2019-05-19','2019-05-19','p2019-05-19am.mp3','/cogmedia/content/2019/05',1,2,'Y'),(304,'The Butterfly Effect',1,8,2,'2019-05-26','2019-05-30','p2019-05-26am.mp3','/cogmedia/content/2019/05',1,2,'Y'),(305,'Jesus Loves The Children',2,15,2,'2019-06-02','2019-06-04','ss2019-06-02ss.mp3','/cogmedia/content/2019/06',1,26,'Y'),(306,'Contentment by Faith',1,3,2,'2019-06-02','2019-06-04','p2019-06-02am.mp3','/cogmedia/content/2019/06',1,2,'Y'),(307,'Heavenly Corporation',1,5,2,'2019-06-02','2019-06-04','p2019-06-02pm.mp3','/cogmedia/content/2019/06',1,16,'Y'),(308,'Building on the Rock',1,6,2,'2019-06-16','2019-07-23','p2019-06-16am.mp3','/cogmedia/content/2019/06',1,16,'Y'),(309,'Proving your Love',1,8,2,'2019-07-07','2019-07-23','p2019-07-07am.mp3','/cogmedia/content/2019/07',1,16,'Y'),(310,'What Doth God Require?',1,11,2,'2019-07-21','2019-07-23','p2019-07-21am.mp3','/cogmedia/content/2019/07',1,2,'Y'),(311,'Obedience By Faith',1,11,2,'2019-07-14','2019-07-23','p2019-07-14am.mp3','/cogmedia/content/2019/07',1,2,'Y'),(312,'What a Day!',2,10,2,'2019-07-14','2019-07-23','ss2019-07-14am.mp3','/cogmedia/content/2019/07',1,8,'Y'),(313,'And a Child Shall Lead Them',3,15,2,'2019-07-14','2019-07-23','ss2019-07-14ss.mp3','/cogmedia/content/2019/07',1,26,'Y'),(314,'A Dog\'s Life',1,9,2,'2019-08-11','2019-08-13','p2019-08-11am.mp3','/cogmedia/content/2019/08',1,2,'Y'),(315,'Take 1',2,13,2,'2019-09-01','2019-09-02','spliced.mp3','/cogmedia/content/2019/09',1,8,'N'),(316,'Take 2',3,13,2,'2019-09-01','2019-09-01','final.mp3','/cogmedia/content/2019/09',1,8,'N'),(317,'Casual Christianity',1,8,2,'2019-08-25','2019-09-02','p2019-08-25am.mp3','/cogmedia/content/2019/08',1,2,'Y'),(318,'Prioritizing our Preferences',1,8,2,'2019-09-01','2019-09-02','p2019-09-01am.mp3','/cogmedia/content/2019/09',1,2,'Y'),(319,'The Power of Life and Death',1,9,2,'2019-09-29','2019-10-20','p2019-09-29am.mp3','/cogmedia/content/2019/09',1,2,'Y'),(320,'Keep Your Focus on God',1,3,2,'2019-10-13','2019-10-20','p2019-10-13am.mp3','/cogmedia/content/2019/10',1,16,'Y'),(321,'Destroy Your Distractions',1,8,2,'2019-09-22','2019-10-22','p2019-09-22am.mp3','/cogmedia/content/2019/09',1,2,'Y'),(322,'Distractions',1,14,2,'2019-10-27','2019-11-14','p2019-10-27am.mp3','/cogmedia/content/2019/10',1,16,'Y'),(323,'Stir up they Gift',1,11,2,'2019-11-10','2019-11-14','p2019-11-10am.mp3','/cogmedia/content/2019/11',1,16,'Y'),(324,'Max Out Your Experience',1,18,2,'2019-10-20','2019-11-14','p2019-10-20am.mp3','/cogmedia/content/2019/10',1,2,'Y'),(325,'Directing thy Path',1,3,2,'2019-11-24','2020-02-09','p2019-11-24am.mp3','/cogmedia/content/2019/11',1,2,'Y'),(326,'Beautifying the Meek',1,12,2,'2019-12-08','2020-02-09','p2019-12-08am.mp3','/cogmedia/content/2019/12',1,2,'Y'),(327,'More Blessed to Give',1,11,2,'2019-12-15','2020-02-09','p2019-12-15am.mp3','/cogmedia/content/2019/12',1,2,'Y'),(328,'Don\'t Conform - Transform',1,8,2,'2019-12-29','2020-02-09','p2019-12-29am.mp3','/cogmedia/content/2019/12',1,2,'Y'),(329,'Run for Your Life',1,12,2,'2020-01-12','2020-02-09','p2020-01-12am.mp3','/cogmedia/content/2020/01',1,2,'Y'),(330,'Can\'t Skate to Heaven',2,12,2,'2020-01-12','2020-02-09','ss2020-01-12am.mp3','/cogmedia/content/2020/01',1,20,'Y'),(331,'Unspotted From the World',1,8,2,'2020-02-09','2020-02-09','p2020-02-09am.mp3','/cogmedia/content/2020/02',1,2,'Y'),(332,'Mental Fortitude',1,18,2,'2020-02-16','2020-02-18','p2020-02-16am.mp3','/cogmedia/content/2020/02',1,2,'Y'),(333,'Dedicated to God\'s Work',1,8,2,'2020-03-01','2020-03-09','p2020-03-01am.mp3','/cogmedia/content/2020/03',1,2,'Y'),(334,'Satisfies My Soul',3,12,2,'2020-03-08','2020-03-09','satisfies.mp3','/cogmedia/content/2020/03',1,26,'N'),(335,'Glorious Freedom',2,12,2,'2020-03-08','2020-03-09','ss2020-03-08-glorious.mp3','/cogmedia/content/2020/03',1,28,'Y'),(336,'Now My Soul Has Been Set Free',2,12,2,'2020-03-08','2020-03-09','ss2020-03-08-damar.mp3','/cogmedia/content/2020/03',1,17,'Y'),(337,'The Fifth Column',1,14,2,'2020-03-08','2020-03-09','p2020-03-08am.mp3','/cogmedia/content/2020/03',1,24,'Y'),(338,'Standing on the Rock',1,3,10,'2020-04-05','2020-04-12','p2020-04-05am.mp3','/cogmedia/content/2020/04',1,3,'Y'),(339,'Beyond the Cross',1,12,10,'2020-04-12','2020-04-12','p2020-04-12am.mp3','/cogmedia/content/2020/04',1,2,'Y'),(340,'Resurrection',1,4,10,'2020-04-12','2020-04-12','p2020-04-12pm.mp3','/cogmedia/content/2020/04',1,3,'Y'),(341,'Standing on the Promises',2,3,10,'2020-04-05','2020-04-12','ss2020-04-05-standing.mp3','/cogmedia/content/2020/04',1,19,'Y'),(342,'Take Heed How you Build',1,8,10,'2020-04-19','2020-04-26','p2020-04-19am.mp3','/cogmedia/content/2020/04',1,2,'Y'),(343,'Power of the Blessing',1,14,10,'2020-04-26','2020-04-26','p2020-04-26am.mp3','/cogmedia/content/2020/04',1,2,'Y'),(344,'Take My Yoke Upon You',1,6,10,'2020-05-03','2020-05-03','p2020-05-03am.mp3','/cogmedia/content/2020/05',1,3,'Y'),(345,'When Feeling Overwhelmed',1,14,10,'2020-05-10','2020-05-10','p2020-05-10am.mp3','/cogmedia/content/2020/05',1,2,'Y'),(346,'Walking in the Old Paths',1,8,10,'2020-05-17','2020-05-17','p2020-05-17am.mp3','/cogmedia/content/2020/05',1,3,'Y'),(347,'Glorious Zion',2,5,10,'2020-05-17','2020-05-17','p2020-05-17ss1.mp3','/cogmedia/content/2020/05',1,8,'Y'),(348,'Time',1,11,10,'2020-05-24','2020-05-31','p2020-05-24am.mp3','/cogmedia/content/2020/05',1,4,'Y'),(349,'Pure Religion',1,8,10,'2020-05-31','2020-05-31','p2020-05-31am.mp3','/cogmedia/content/2020/05',1,2,'Y'),(350,'A Place of Maturity',1,3,2,'2020-06-07','2020-06-07','p2020-06-07am.mp3','/cogmedia/content/2020/06',1,3,'Y'),(351,'The Abundant Life',1,11,2,'2020-06-14','2020-06-14','p2020-06-14am.mp3','/cogmedia/content/2020/06',1,2,'Y'),(352,'God Is Still On His Throne',1,10,4,'2020-06-19','2020-06-19','p2020-06-19pm.mp3','/cogmedia/content/2020/06',1,24,'Y'),(353,'The Land of Our Fathers',1,4,2,'2020-06-21','2020-06-21','p2020-06-21am.mp3','/cogmedia/content/2020/06',1,24,'Y'),(354,'Healing Our Wounds',1,6,2,'2020-06-28','2020-06-28','p2020-06-28am.mp3','/cogmedia/content/2020/06',1,16,'Y'),(355,'Savior Solves Every Problem',2,6,10,'2020-06-28','2020-06-28','special-2020-06-28.mp3','/cogmedia/content/2020/06',1,19,'Y'),(356,'Separate From the World - #1',6,19,2,'2020-06-21','2020-06-28','ss-2020-06-21.mp3','/cogmedia/content/2020/06',1,3,'Y'),(357,'Separate From the World - #2',6,19,2,'2020-06-28','2020-06-28','ss2020-06-28.mp3','/cogmedia/content/2020/06',1,3,'Y'),(358,'Discourage Proof',1,14,2,'2020-07-05','2020-07-26','p2020-07-05am.mp3','/cogmedia/content/2020/07',1,2,'Y'),(359,'Spiritual PPE',1,14,2,'2020-07-12','2020-07-26','p2020-07-12am.mp3','/cogmedia/content/2020/07',1,2,'Y'),(360,'He Knows Your Name',1,6,10,'2020-07-26','2020-07-26','p2020-07-26am.mp3','/cogmedia/content/2020/07',1,2,'Y'),(361,'A Gracious Offender',1,11,2,'2020-08-09','2020-08-16','p2020-08-09am.mp3','/cogmedia/content/2020/08',1,2,'Y'),(362,'Who Do You Love?',1,13,2,'2020-08-02','2020-08-16','p2020-08-02am.mp3','/cogmedia/content/2020/08',1,3,'Y'),(363,'Strength through weakness',1,3,2,'2020-08-16','2020-08-16','p2020-08-16am.mp3','/cogmedia/content/2020/08',1,3,'Y'),(364,'Obedience though Faith',1,8,2,'2020-08-23','2020-09-26','2020-08-23am.mp3','/cogmedia/content/2020/08',1,3,'Y'),(365,'Your Own Work, Your Own Reward',1,9,2,'2020-08-30','2020-09-26','p2020-08-30am.mp3','/cogmedia/content/2020/08',1,2,'Y'),(366,'The Cause of Christ',1,9,2,'2020-09-06','2020-09-26','p2020-09-06am.mp3','/cogmedia/content/2020/09',1,3,'Y'),(367,'Knowing The Truth',1,6,2,'2020-09-13','2020-09-26','p2020-09-13am.mp3','/cogmedia/content/2020/09',1,16,'Y'),(368,'Misplaced Fear',1,11,2,'2020-09-20','2020-09-26','p2020-09-20am.mp3','/cogmedia/content/2020/09',1,2,'Y'),(369,'Test',7,11,2,'2020-09-27','2020-09-27','Andy Lewis resume - 2020.pdf','/cogmedia/content/2020/09',1,29,'N'),(370,'Influence',7,14,2,'2020-09-27','2020-09-27','9-27-20-influence.pdf','/cogmedia/content/2020/09',1,29,'Y'),(372,'When I Get To End of the Way',2,10,10,'2020-09-27','2020-10-04','ss2020-09-27am.mp3','/cogmedia/content/2020/09',1,19,'Y'),(373,'Rewarder of the Diligent',1,10,2,'2020-09-27','2020-10-04','p2020-09-27am.mp3','/cogmedia/content/2020/09',1,3,'Y'),(374,'Truth vs Prosperity Gospel',7,19,2,'2020-10-07','2020-10-07','TruthVsProsperityGospel.pdf','/cogmedia/content/2020/10',1,16,'Y'),(375,'Power in the Blood',2,6,10,'2020-10-11','2020-10-31','ss2020-10-11am.mp3','/cogmedia/content/2020/10',1,19,'Y'),(376,'You Can Trust God',1,3,10,'2020-10-11','2020-10-31','p2020-10-11am.mp3','/cogmedia/content/2020/10',1,2,'Y'),(377,'Behold the Hand, Behold Nail',1,3,2,'2020-10-04','2020-10-31','p2020-10-04am.mp3','/cogmedia/content/2020/10',1,10,'Y'),(378,'Nothing Can Touch Me',2,3,2,'2020-10-04','2020-10-31','ss2020-10-04am.mp3','/cogmedia/content/2020/10',1,12,'Y'),(379,'I Know a Man Who Can',2,6,10,'2020-10-18','2020-10-31','ss-2020-10-18am.mp3','/cogmedia/content/2020/10',1,30,'Y'),(380,'Keep your Heart Tender',1,14,10,'2020-10-18','2020-10-31','p2020-10-18am.mp3','/cogmedia/content/2020/10',1,2,'Y'),(381,'I Know My Name Is There',3,3,2,'2020-10-21','2020-10-31','cs2020-10-21pm.mp3','/cogmedia/content/2020/10',1,26,'Y'),(382,'The Better Life',1,12,2,'2020-10-21','2020-10-31','p2020-10-21pm.mp3','/cogmedia/content/2020/10',1,24,'Y'),(383,'Preparing for Battle',1,14,4,'2020-10-22','2020-10-31','p2020-10-22pm.mp3','/cogmedia/content/2020/10',1,6,'Y'),(384,'Consider What You Have',1,4,4,'2020-10-23','2020-11-01','p2020-10-23pm.mp3','/cogmedia/content/2020/10',1,31,'Y'),(385,'His Grace Reaches Me',2,16,4,'2020-10-23','2020-11-01','ss2020-10-23pm.mp3','/cogmedia/content/2020/10',1,23,'Y'),(386,'Don\'t Give Up Your Faith',1,3,2,'2020-10-25','2020-11-01','p2020-10-25am.mp3','/cogmedia/content/2020/10',1,6,'Y'),(387,'His Name is Jesus',2,16,2,'2020-10-25','2020-11-01','ss2020-10-25am.mp3','/cogmedia/content/2020/10',1,17,'Y'),(388,'Don Elwell\'s Ordination',1,9,2,'2020-10-24','2020-11-01','p2020-10-24pm-1.mp3','/cogmedia/content/2020/10',1,24,'Y'),(389,'I Still Serve an Amazing God',2,16,2,'2020-10-24','2020-11-01','ss-2020-10-24.mp3','/cogmedia/content/2020/10',1,8,'Y'),(390,'A New Chapter',1,12,2,'2020-10-24','2020-11-01','p2020-10-24-pm-2.mp3','/cogmedia/content/2020/10',1,24,'Y'),(391,'Spiritual Discipline',7,11,2,'2020-11-01','2020-11-01','11-1-20-slugs.pdf','/cogmedia/content/2020/11',1,29,'Y'),(392,'High Priest, Friend & Brother',1,6,2,'2020-11-01','2020-11-02','p2020-11-01am.mp3','/cogmedia/content/2020/11',1,3,'Y'),(393,'Discipline (continued)',7,14,2,'2020-11-08','2020-11-08','discipline11-8.pdf','/cogmedia/content/2020/11',1,29,'Y'),(394,'Review Your List',1,8,2,'2020-11-08','2020-11-11','p2020-11-08am.mp3','/cogmedia/content/2020/11',1,2,'Y'),(395,'Hear Admonishment of Wisdom',1,14,2,'2020-11-15','2020-11-15','p2020-11-15am.mp3','/cogmedia/content/2020/11',1,3,'Y'),(397,'Truth vs Prosperity Gospel',7,19,2,'2020-11-18','2020-11-17','prosperity.pdf','/cogmedia/content/2020/11',1,16,'Y'),(398,'Lineage of Jesus',7,6,2,'2020-11-22','2020-11-22','11.21.20-lineage.pdf','/cogmedia/content/2020/11',1,29,'Y'),(399,'Zecharias & Elizabeth',7,6,2,'2020-11-29','2020-11-29','11.29.20-zecharias.pdf','/cogmedia/content/2020/11',1,29,'Y'),(400,'Mary and Joseph',7,6,2,'2020-12-06','2020-12-06','12-6-20-mary-joseph.pdf','/cogmedia/content/2020/12',1,29,'Y'),(401,'If Jesus is There',2,6,10,'2020-12-06','2020-12-13','ss2020-12-06.mp3','/cogmedia/content/2020/12',1,19,'Y'),(402,'Hope in our Messiah',1,17,2,'2020-12-06','2020-12-13','p2020-12-06am.mp3','/cogmedia/content/2020/12',1,10,'Y'),(403,'Trust in God\'s Capability',1,3,2,'2020-11-29','2020-12-13','p2020-11-29am.mp3','/cogmedia/content/2020/11',1,3,'Y'),(404,'Ask and it shall be Given',1,6,2,'2020-11-22','2020-12-13','p2020-11-22am.mp3','/cogmedia/content/2020/11',1,2,'Y'),(405,'Birth of Jesus',7,6,2,'2020-12-13','2020-12-13','12.13.20-birth-of-jesus.pdf','/cogmedia/content/2020/12',1,29,'Y'),(406,'Don\'t Forget the Benefits',1,14,2,'2020-12-13','2020-12-13','p2020-12-13am.mp3','/cogmedia/content/2020/12',1,2,'Y'),(407,'Divine or Just Mighty?',7,6,2,'2020-12-16','2020-12-16','divine-or-mighty.pdf','/cogmedia/content/2020/12',1,16,'Y'),(408,'Good Tidings',7,6,2,'2020-12-20','2020-12-20','12.20.20-Good-Tidings.pdf','/cogmedia/content/2020/12',1,29,'Y'),(409,'Wise Men Still Seek Him',7,6,2,'2020-12-27','2020-12-27','wise-men.pdf','/cogmedia/content/2020/12',1,29,'Y'),(410,'He Knows What you Need',1,3,2,'2020-12-27','2021-01-10','p2020-12-27am.mp3','/cogmedia/content/2020/12',1,10,'Y'),(411,'That Place Made For Me',1,10,2,'2021-01-03','2021-01-10','p2021-01-03am.mp3','/cogmedia/content/2021/01',1,3,'Y'),(412,'Fallen From Heaven',7,19,2,'2021-01-20','2021-01-20','fallen-from-heaven.pdf','/cogmedia/content/2021/01',1,16,'Y'),(413,'The Glory of the Cross',1,14,2,'2021-01-24','2021-02-03','p2021-01-24am.mp3','/cogmedia/content/2021/01',1,3,'Y'),(414,'Keep the Faith',1,3,2,'2021-01-17','2021-02-03','p2021-01-17am.mp3','/cogmedia/content/2021/01',1,2,'Y'),(415,'The Perfect Gift',1,12,2,'2021-01-10','2021-02-03','p2021-01-10am.mp3','/cogmedia/content/2021/01',1,16,'Y'),(416,'Mercy',1,14,2,'2021-01-31','2021-02-03','p2021-01-31am.mp3','/cogmedia/content/2021/01',1,2,'Y'),(417,'Fallen From Heaven (cont)',7,19,2,'2021-02-03','2021-02-03','fallen-from-heaven-2.pdf','/cogmedia/content/2021/02',1,16,'Y'),(418,'Lord Lead Me On',2,16,2,'2021-01-17','2021-02-03','ss2021-01-17-llmo.mp3','/cogmedia/content/2021/01',1,19,'Y'),(419,'Fully Saved Today',2,12,2,'2021-01-31','2021-02-03','ss2021-01-31fully.mp3','/cogmedia/content/2021/01',1,19,'Y'),(420,'What A Privilege',2,16,2,'2021-01-10','2021-02-03','ss2021-01-10.mp3','/cogmedia/content/2021/01',1,19,'Y'),(421,'Calmly Resting in the Lord',2,10,2,'2021-01-24','2021-02-03','ss2021-01-24am.mp3','/cogmedia/content/2021/01',1,19,'Y'),(422,'Relationships',1,3,2,'2021-02-07','2021-02-14','p2021-02-07am.mp3','/cogmedia/content/2021/02',1,2,'Y'),(423,'.. But God',1,14,2,'2021-02-14','2021-02-14','p2021-02-14am.mp3','/cogmedia/content/2021/02',1,3,'Y'),(424,'Spiritual Gifts',7,18,10,'2021-02-17','2021-02-17','spiritual-gifts.pdf','/cogmedia/content/2021/02',1,16,'Y'),(425,'Reacting to Offenses',1,14,2,'2021-02-28','2021-02-28','p2021-02-28am.mp3','/cogmedia/content/2021/02',1,3,'Y'),(426,'Romans Study - 2021-03-07',6,8,2,'2021-03-07','2021-03-08','sschool2021-03-07am.mp3','/cogmedia/content/2021/03',1,10,'Y'),(427,'Seek Those Things Above',1,8,2,'2021-03-07','2021-03-08','p2021-03-07am.mp3','/cogmedia/content/2021/03',1,2,'Y'),(428,'Romans - Chapter 5',6,8,2,'2021-03-14','2021-03-14','ssch2021-03-14am.mp3','/cogmedia/content/2021/03',1,10,'Y'),(429,'Ponder the Path of thy Feet',1,18,2,'2021-03-14','2021-03-14','p2021-03-14am.mp3','/cogmedia/content/2021/03',1,32,'Y'),(430,'Let Me Lose Myself',2,8,10,'2021-03-21','2021-03-24','ss-2021-03-21am.mp3','/cogmedia/content/2021/03',1,19,'Y'),(431,'Romans 6 - 3/21/2021',6,7,2,'2021-03-21','2021-03-24','ssch2021-03-21am.mp3','/cogmedia/content/2021/03',1,10,'Y'),(432,'The River of God',1,18,2,'2021-03-21','2021-03-24','p2021-03-21am.mp3','/cogmedia/content/2021/03',1,3,'Y'),(433,'Romans 6 - 3/28/2021',6,21,2,'2021-03-28','2021-03-29','ssch2021-03-28am.mp3','/cogmedia/content/2021/03',1,10,'Y'),(434,'Do You Know How It Feels',2,10,10,'2021-03-28','2021-03-29','ss2021-03-28am.mp3','/cogmedia/content/2021/03',1,19,'Y'),(435,'If It Be Possible',1,11,2,'2021-03-28','2021-03-29','p2021-03-28am.mp3','/cogmedia/content/2021/03',1,2,'Y'),(436,'Romans 7 - 04-04-2021',6,7,2,'2021-04-04','2021-04-05','ssch2021-04-04am.mp3','/cogmedia/content/2021/04',1,10,'Y'),(437,'Jesus Knows Your Name',1,6,2,'2021-04-04','2021-04-05','p2021-04-04am.mp3','/cogmedia/content/2021/04',1,3,'Y'),(438,'Heavenly Love',2,13,2,'2021-04-04','2021-04-05','ss2021-04-04am.mp3','/cogmedia/content/2021/04',1,12,'Y'),(439,'Going It Alone',1,12,4,'2021-04-09','2021-04-14','p2021-04-10pm.mp3','/cogmedia/content/2021/04',1,24,'Y'),(440,'Is All Clear?',1,12,4,'2021-04-10','2021-04-14','p2021-04-11pm.mp3','/cogmedia/content/2021/04',1,24,'Y'),(441,'From the Fix I was In',2,15,4,'2021-04-10','2021-04-14','ss2021-04-11pm.mp3','/cogmedia/content/2021/04',1,17,'Y'),(442,'There Is A Path',1,9,4,'2021-04-11','2021-04-14','p2021-04-11am.mp3','/cogmedia/content/2021/04',1,24,'Y'),(443,'Last Sunday School @ Jefferson',6,3,4,'2021-04-11','2021-04-14','ssch-2021-04-11am.mp3','/cogmedia/content/2021/04',1,33,'Y'),(444,'Goodbye Jefferson!',8,10,4,'2021-04-11','2021-04-14','m2021-04-11pm.mp3','/cogmedia/content/2021/04',1,34,'Y'),(445,'Romans 7 - Ten Commandments?',6,19,2,'2021-04-18','2021-04-19','ssch2021-04-18am.mp3','/cogmedia/content/2021/04',1,10,'Y'),(446,'How Deep The Father\'s Love',2,13,10,'2021-04-18','2021-04-19','ss2021-04-18am.mp3','/cogmedia/content/2021/04',1,19,'Y'),(447,'Jesus Has Risen Within You',1,11,2,'2021-04-18','2021-04-19','p2021-04-18am.mp3','/cogmedia/content/2021/04',1,2,'Y'),(448,'Before the Throne of God Above',2,4,10,'2021-04-25','2021-04-28','ss2021-04-25am.mp3','/cogmedia/content/2021/04',1,19,'Y'),(449,'Romans 8 - 4/25/2021',6,19,2,'2021-04-25','2021-04-28','ssch2021-04-25am.mp3','/cogmedia/content/2021/04',1,10,'Y'),(450,'Jesus Christ - Your Friend',1,6,2,'2021-04-25','2021-04-28','p2021-04-25am.mp3','/cogmedia/content/2021/04',1,2,'Y'),(451,'Freedom in Christ',1,12,2,'2021-05-02','2021-05-02','p2021-05-02am.mp3','/cogmedia/content/2021/05',1,3,'Y'),(452,'Because of Him',2,6,2,'2021-05-02','2021-05-02','ss2021-05-02am.mp3','/cogmedia/content/2021/05',1,27,'Y'),(453,'Freedom!',9,4,10,'2021-05-02','2021-05-02','t2021-05-02am.mp3','/cogmedia/content/2021/05',1,36,'Y'),(454,'Romans 8 - Suffering & Glory',6,8,2,'2021-05-02','2021-05-02','ssch2021-05-02am.mp3','/cogmedia/content/2021/05',1,10,'Y'),(455,'According to His Divine Power',1,3,2,'2021-05-09','2021-05-18','p2021-05-09am.mp3','/cogmedia/content/2021/05',1,2,'Y'),(456,'Romans 8 - Destined for Glory',6,19,2,'2021-05-09','2021-05-18','ssch2021-05-09am.mp3','/cogmedia/content/2021/05',1,10,'Y'),(457,'Romans 9 - 5/16/2021',6,19,2,'2021-05-16','2021-05-18','ssch2021-05-16am.mp3','/cogmedia/content/2021/05',1,10,'Y'),(458,'Suffer the Children',3,15,2,'2021-05-09','2021-05-18','ss2021-05-09am.mp3','/cogmedia/content/2021/05',1,26,'Y'),(459,'Walking in the Spirit',1,8,2,'2021-05-16','2021-05-18','p2021-05-16am.mp3','/cogmedia/content/2021/05',1,2,'Y'),(460,'Gifts of The Spirit: Tongues',4,9,2,'2021-05-19','2021-05-19','spiritual-gifts-tongues.pdf','/cogmedia/content/2021/05',3,16,'Y'),(461,'Rest in the Lord',1,11,2,'2021-05-23','2021-06-06','p2021-05-23am.mp3','/cogmedia/content/2021/05',1,3,'Y'),(462,'Romans 9:9-33',6,3,2,'2021-05-23','2021-06-06','ssch2021-05-23am.mp3','/cogmedia/content/2021/05',1,10,'Y'),(463,'Romans 10:1-13',6,3,2,'2021-05-30','2021-06-06','ssch2021-05-30am.mp3','/cogmedia/content/2021/05',1,10,'Y'),(464,'Connected to the Vine',1,18,2,'2021-05-30','2021-06-06','p2021-05-30am.mp3','/cogmedia/content/2021/05',1,3,'Y'),(465,'Romans 10:14-21',6,12,2,'2021-06-06','2021-06-13','ssch2021-06-06am.mp3','/cogmedia/content/2021/06',1,10,'Y'),(466,'Romans 11:1-24',6,12,2,'2021-06-13','2021-06-13','ssch2021-06-13am.mp3','/cogmedia/content/2021/06',1,10,'Y'),(467,'Who Do You Say That I Am?',1,3,2,'2021-06-06','2021-06-13','p2021-06-06am.mp3','/cogmedia/content/2021/06',1,16,'Y'),(468,'Preparing the Ground',1,18,2,'2021-06-13','2021-06-13','p2021-06-13am.mp3','/cogmedia/content/2021/06',1,3,'Y'),(469,'What is Your Mindset?',1,14,2,'2021-06-16','2021-06-16','p2021-06-16pm.mp3','/cogmedia/content/2021/06',1,24,'Y'),(470,'Trapped',1,12,2,'2021-06-17','2021-06-17','p2021-06-17pm.mp3','/cogmedia/content/2021/06',1,24,'Y'),(471,'Don\'t Conform, Transform!',1,8,2,'2021-06-18','2021-06-18','p2021-06-18am.mp3','/cogmedia/content/2021/06',1,9,'Y'),(472,'The Sun is Coming Up',2,3,2,'2021-06-18','2021-06-18','ss2021-06-18am.mp3','/cogmedia/content/2021/06',1,39,'Y'),(473,'Memories - Sun is Coming Up',9,10,2,'2021-06-18','2021-06-18','t2021-06-18am.mp3','/cogmedia/content/2021/06',1,38,'Y'),(474,'You Are My All in All',2,6,2,'2021-06-18','2021-06-19','ss2021-06-18pm.mp3','/cogmedia/content/2021/06',1,40,'Y'),(475,'Worth of a Child',1,9,2,'2021-06-18','2021-06-19','p2021-06-18pm.mp3','/cogmedia/content/2021/06',1,41,'Y'),(476,'Down To the River',2,1,11,'2021-06-19','2021-06-19','ss2021-06-19am.mp3','/cogmedia/content/2021/06',1,40,'Y'),(477,'Have you Met the Lord?',1,1,11,'2021-06-19','2021-06-19','p2021-06-19am.mp3','/cogmedia/content/2021/06',1,24,'Y'),(478,'Fill My Cup, Lord',2,3,2,'2021-06-19','2021-06-19','ss2021-06-19pm.mp3','/cogmedia/content/2021/06',1,40,'Y'),(479,'When Jesus Passes By',1,6,2,'2021-06-19','2021-06-19','p2021-06-19pm.mp3','/cogmedia/content/2021/06',1,17,'Y'),(480,'Little David',2,3,1,'2021-06-20','2021-06-22','ss2021-06-20-1-am.mp3','/cogmedia/content/2021/06',1,40,'Y'),(481,'He Gave Me the Well',2,12,2,'2021-06-20','2021-06-22','ss2021-06-20-2-am.mp3','/cogmedia/content/2021/06',1,43,'Y'),(482,'God Famous',1,12,2,'2021-06-20','2021-06-22','p2021-06-20am.mp3','/cogmedia/content/2021/06',1,42,'Y'),(483,'Romans 11:25-34',6,12,2,'2021-06-20','2021-06-22','ssch2021-06-20am.mp3','/cogmedia/content/2021/06',1,10,'Y'),(484,'Jesus In the Pandemic',9,15,2,'2021-06-20','2021-06-22','t2021-06-20am.mp3','/cogmedia/content/2021/06',1,44,'Y'),(485,'Romans 12:3-8',6,8,2,'2021-06-27','2021-06-28','ssch2021-06-27am.mp3','/cogmedia/content/2021/06',1,10,'Y'),(486,'What Manner of Person',1,8,2,'2021-06-27','2021-06-28','p2021-06-27am.mp3','/cogmedia/content/2021/06',1,2,'Y'),(487,'Does God Love Me Always?',9,3,2,'2021-06-27','2021-06-28','t2021-06-27am.mp3','/cogmedia/content/2021/06',1,45,'Y'),(488,'Romans 12:9-21',6,8,2,'2021-07-04','2021-07-05','ssch2021-07-04am.mp3','/cogmedia/content/2021/07',1,10,'Y'),(489,'A Well Watered Garden',1,18,2,'2021-07-04','2021-07-05','p2021-07-04am.mp3','/cogmedia/content/2021/07',1,46,'Y'),(490,'The Lord is My Helper',9,14,2,'2021-07-11','2021-07-14','t2021-07-11am.mp3','/cogmedia/content/2021/07',1,47,'Y'),(491,'The Big Picture View',1,17,2,'2021-07-11','2021-07-14','p2021-07-11am.mp3','/cogmedia/content/2021/07',1,2,'Y'),(492,'Romans 13',6,19,2,'2021-07-11','2021-07-14','ssch2021-07-11am.mp3','/cogmedia/content/2021/07',1,10,'Y'),(493,'Romans 14:1-12',6,11,2,'2021-08-01','2021-09-05','ssch2021-08-01am.mp3','/cogmedia/content/2021/08',1,10,'Y'),(494,'All Things',1,10,2,'2021-08-01','2021-09-05','p2021-08-01am.mp3','/cogmedia/content/2021/08',1,2,'Y'),(495,'Romans 14:13-23',6,11,2,'2021-08-08','2021-09-05','ssch2021-08-08am.mp3','/cogmedia/content/2021/08',1,10,'Y'),(496,'Sufficiency in God',1,3,2,'2021-08-08','2021-09-05','p2021-08-08am.mp3','/cogmedia/content/2021/08',1,3,'Y'),(497,'Romans 15:1-13',6,11,2,'2021-08-15','2021-09-05','ssch2021-08-15am.mp3','/cogmedia/content/2021/08',1,10,'Y'),(498,'Faith That Worketh By Love',1,3,2,'2021-08-15','2021-09-05','p2021-08-15am.mp3','/cogmedia/content/2021/08',1,2,'Y'),(499,'Romans 15:14-33',6,11,2,'2021-08-22','2021-09-05','ssch2021-08-22am.mp3','/cogmedia/content/2021/08',1,10,'Y'),(500,'Our High Places',1,8,2,'2021-08-22','2021-09-05','p2021-08-22am.mp3','/cogmedia/content/2021/08',1,2,'Y'),(501,'Romans 16',6,9,2,'2021-08-29','2021-09-05','ssch2021-08-29am.mp3','/cogmedia/content/2021/08',1,10,'Y'),(502,'What Will You Do With Freedom?',1,9,2,'2021-08-29','2021-09-05','p2021-08-29am.mp3','/cogmedia/content/2021/08',1,2,'Y'),(503,'Living Revelation of Christ',1,4,2,'2021-09-05','2021-09-05','p2021-09-05am.mp3','/cogmedia/content/2021/09',1,3,'Y'),(504,'Shoutout to Jesus',9,15,2,'2021-09-05','2021-09-05','t2021-09-05am.mp3','/cogmedia/content/2021/09',1,36,'Y'),(505,'Philip',7,9,2,'2021-09-12','2021-09-12','2021-9.12 Philip.pdf','/cogmedia/content/2021/09',1,29,'Y'),(506,'Staying Power - Consider Jesus',1,9,2,'2021-09-12','2021-09-14','p2021-09-12am.mp3','/cogmedia/content/2021/09',1,2,'Y'),(507,'He Looked Past My Faults',9,16,2,'2021-09-12','2021-09-14','t2021-09-12am-1.mp3','/cogmedia/content/2021/09',1,36,'Y'),(508,'Pressing Through To Blessing',9,18,2,'2021-09-12','2021-09-14','t2021-09-12am-2.mp3','/cogmedia/content/2021/09',1,16,'Y'),(509,'Thomas',7,5,2,'2021-09-19','2021-09-19','Thomas 9.18.21.pdf','/cogmedia/content/2021/09',1,29,'Y'),(510,'\'Til The Storm Passes By',2,3,2,'2021-09-19','2021-09-22','ss2021-09-19am.mp3','/cogmedia/content/2021/09',1,19,'Y'),(511,'Invest in Your Calling',1,8,2,'2021-09-19','2021-09-22','p2021-09-19am.mp3','/cogmedia/content/2021/09',1,3,'Y'),(512,'I\'ll Never Miss Heaven',2,4,2,'2021-09-26','2021-10-03','ss2021-09-26am.mp3','/cogmedia/content/2021/09',1,27,'Y'),(513,'Hebrews 1:1 - 2:4',6,19,2,'2021-09-26','2021-10-03','ssch2021-09-26am.mp3','/cogmedia/content/2021/09',1,10,'Y'),(514,'God\'s Power Through You',1,3,2,'2021-09-26','2021-10-03','p2021-09-26am.mp3','/cogmedia/content/2021/09',1,6,'Y'),(515,'For the Joy',1,10,2,'2021-10-03','2021-10-04','p2021-10-03am.mp3','/cogmedia/content/2021/10',1,2,'Y'),(516,'Fellowship',1,14,2,'2021-10-10','2021-10-24','p2021-10-10am.mp3','/cogmedia/content/2021/10',1,2,'Y'),(517,'Hebrews 2:5-17',6,6,2,'2021-10-10','2021-10-24','ssch-2021-10-10am.mp3','/cogmedia/content/2021/10',1,10,'Y'),(518,'Hebrews 3',6,6,2,'2021-10-17','2021-10-24','ssch-2021-10-17am.mp3','/cogmedia/content/2021/10',1,10,'Y'),(519,'Stay Put / Stand Fast',1,8,2,'2021-10-17','2021-10-24','p2021-10-17am.mp3','/cogmedia/content/2021/10',1,2,'Y'),(520,'Hebrews 4:1-13',6,6,2,'2021-10-24','2021-10-24','ssch-2021-10-24am.mp3','/cogmedia/content/2021/10',1,10,'Y'),(521,'Buy The Truth',1,18,2,'2021-10-24','2021-10-24','p2021-10-24am.mp3','/cogmedia/content/2021/10',1,2,'Y'),(522,'Hebrews 4:14 - 5:10',6,19,2,'2021-10-31','2021-11-08','ssch-2021-10-31am.mp3','/cogmedia/content/2021/10',1,10,'Y'),(523,'Your Habitation',1,18,2,'2021-10-31','2021-11-08','p2021-10-31am.mp3','/cogmedia/content/2021/10',1,3,'Y'),(524,'Hebrews 5:11 - 6:12',6,19,2,'2021-11-07','2021-11-08','ssch-2021-11-07am.mp3','/cogmedia/content/2021/11',1,10,'Y'),(525,'Ministers of Reconciliation',1,9,2,'2021-11-07','2021-11-08','p2021-11-07am.mp3','/cogmedia/content/2021/11',1,2,'Y'),(526,'Thanksgiving',4,11,2,'2021-11-03','2021-11-08','bs2021-11-04pm.mp3','/cogmedia/content/2021/11',1,29,'N'),(527,'Hebrew 6:13-20',6,19,2,'2021-11-14','2021-11-28','ss-2021-11-14am.mp3','/cogmedia/content/2021/11',1,10,'Y'),(528,'My Lord and I',2,6,2,'2021-11-14','2021-11-28','ss-2021-11-14am.mp3','/cogmedia/content/2021/11',1,19,'Y'),(529,'Ministry of Reconciliation (2)',1,9,2,'2021-11-14','2021-11-28','p2021-11-14am.mp3','/cogmedia/content/2021/11',1,2,'Y'),(530,'Hebrews 7',6,19,2,'2021-11-21','2021-11-28','ssch-2021-11-21am.mp3','/cogmedia/content/2021/11',1,10,'Y'),(531,'Child-like Dependence',1,3,2,'2021-11-21','2021-11-28','p2021-11-21am.mp3','/cogmedia/content/2021/11',1,3,'Y'),(532,'Hebrews 8',6,19,2,'2021-11-28','2021-11-28','ssch-2021-11-28am.mp3','/cogmedia/content/2021/11',1,10,'Y'),(533,'Be ... Like a Tree',1,11,2,'2021-11-28','2021-11-28','p2021-11-28am.mp3','/cogmedia/content/2021/11',1,2,'Y'),(534,'Hebrews 9:1-14',6,19,2,'2021-12-05','2021-12-06','ssch-2021-12-05am.mp3','/cogmedia/content/2021/12',1,10,'Y'),(535,'Flowers of Thanksgiving',9,13,2,'2021-12-05','2021-12-06','t-2021-12-05am.mp3','/cogmedia/content/2021/12',1,36,'Y'),(536,'Adoring the Christ',1,15,2,'2021-12-05','2021-12-06','p2021-12-05am.mp3','/cogmedia/content/2021/12',1,2,'Y'),(537,'Hebrews 9:15-28',6,19,2,'2021-12-12','2021-12-28','ssch-2021-12-12am.mp3','/cogmedia/content/2021/12',1,10,'Y'),(538,'Hebrews 10:1-18',6,19,2,'2021-12-19','2021-12-28','ssch-2021-12-19am.mp3','/cogmedia/content/2021/12',1,10,'Y'),(539,'Thankful for the Blood',9,15,2,'2021-12-12','2021-12-28','t2021-12-12am.mp3','/cogmedia/content/2021/12',1,29,'Y'),(540,'Rites and Rituals',1,11,2,'2021-12-12','2021-12-28','p2021-12-12am.mp3','/cogmedia/content/2021/12',1,2,'Y'),(541,'Nothing Can Touch Me',2,3,2,'2021-12-19','2021-12-28','ss-2021-12-19am.mp3','/cogmedia/content/2021/12',1,27,'Y'),(542,'Lo, Behold the Gift of God',1,6,2,'2021-12-19','2021-12-28','p2021-12-19am.mp3','/cogmedia/content/2021/12',1,3,'Y'),(543,'With God Nothing is Impossible',1,3,2,'2021-12-26','2021-12-28','p2021-12-26am.mp3','/cogmedia/content/2021/12',1,2,'Y'),(544,'Hebrews 10:19-39',6,19,2,'2022-01-02','2022-01-12','ssch-2022-01-02am.mp3','/cogmedia/content/2022/01',1,10,'Y'),(545,'Jesus Holds His Nose',9,6,2,'2022-01-02','2022-01-12','t2022-01-02am.mp3','/cogmedia/content/2022/01',1,38,'Y'),(546,'Willing and Obedient',1,8,2,'2022-01-02','2022-01-12','p2022-01-02am.mp3','/cogmedia/content/2022/01',1,2,'Y'),(547,'Hebrews 11:1-7',6,3,2,'2022-01-09','2022-01-12','ssch-2022-01-09am.mp3','/cogmedia/content/2022/01',1,10,'Y'),(548,'Put Your Trust in God',1,3,2,'2022-01-09','2022-01-12','p2022-01-09am.mp3','/cogmedia/content/2022/01',1,3,'Y'),(549,'Hebrew 11:8-40',6,3,2,'2022-01-16','2022-01-30','ssch-2022-01-16am.mp3','/cogmedia/content/2022/01',1,10,'Y'),(550,'Hebrews 12',6,8,2,'2022-01-23','2022-01-30','ssch-2022-01-23am.mp3','/cogmedia/content/2022/01',1,10,'Y'),(551,'Handling Stress and Difficulty',1,3,2,'2022-01-23','2022-01-30','p2022-01-23am.mp3','/cogmedia/content/2022/01',1,2,'Y'),(552,'Jesus is the Oil in Our Lamps',1,6,2,'2022-01-16','2022-01-30','p2022-01-16am.mp3','/cogmedia/content/2022/01',1,3,'Y'),(553,'I\'ll Keep Holding On To Jesus',2,6,2,'2022-01-23','2022-02-06','ss2022-01-23am.mp3','/cogmedia/content/2022/01',1,27,'Y'),(554,'Thankfulness and Contentment',6,16,2,'2022-01-30','2022-02-06','ssch-2022-01-30am.mp3','/cogmedia/content/2022/01',1,33,'Y'),(555,'A Correct View of Ourselves',1,11,2,'2022-01-30','2022-02-06','p2022-01-30am.mp3','/cogmedia/content/2022/01',1,2,'Y'),(556,'Hebrews 13',6,19,2,'2022-02-06','2022-02-06','ssch2022-02-06am.mp3','/cogmedia/content/2022/02',1,10,'Y'),(557,'Leonard Davenport',9,12,2,'2022-01-30','2022-02-06','t-2022-01-30am.mp3','/cogmedia/content/2022/01',1,38,'Y'),(558,'Our Identity in Christ',1,11,2,'2022-02-06','2022-02-06','p2022-02-06am.mp3','/cogmedia/content/2022/02',1,2,'Y'),(559,'Galatians 1:1-10',6,19,2,'2022-02-13','2022-02-20','ssch2022-02-13am.mp3','/cogmedia/content/2022/02',1,10,'Y'),(560,'Love is Greater than Right',1,13,2,'2022-02-13','2022-02-20','p2022-02-13am.mp3','/cogmedia/content/2022/02',1,6,'Y'),(561,'Galations 1:10-24',6,19,2,'2022-02-20','2022-03-06','ssch2022-02-20am.mp3','/cogmedia/content/2022/02',1,10,'Y'),(562,'Who You Are in God\'s Eyes',1,3,2,'2022-02-20','2022-03-06','p2022-02-20am.mp3','/cogmedia/content/2022/02',1,2,'Y'),(563,'Galations 2:1-10',6,19,2,'2022-02-27','2022-03-06','ss2022-02-27am.mp3','/cogmedia/content/2022/02',1,10,'Y'),(564,'Who We Are in Christ',1,3,2,'2022-02-27','2022-03-06','p2022-02-27am.mp3','/cogmedia/content/2022/02',1,2,'Y'),(565,'Found What I Needed So Long',2,6,2,'2022-02-27','2022-03-06','ss2022-02-27am.mp3','/cogmedia/content/2022/02',1,19,'Y'),(566,'Galatians 2:11-21',6,19,2,'2022-03-06','2022-03-06','ssch2022-03-06am.mp3','/cogmedia/content/2022/03',1,10,'Y'),(567,'Warring for the Faith',1,3,2,'2022-03-06','2022-03-06','p2022-03-06am.mp3','/cogmedia/content/2022/03',1,10,'Y'),(568,'Galatians 3:1-14',6,3,2,'2022-03-13','2022-03-21','ssch2022-03-13am.mp3','/cogmedia/content/2022/03',1,10,'Y'),(569,'Your Titles in Christ',1,3,2,'2022-03-13','2022-03-21','p2022-03-13am.mp3','/cogmedia/content/2022/03',1,2,'Y'),(570,'Galatians 3:15-29',6,3,2,'2022-03-20','2022-03-21','ssch2022-03-20am.mp3','/cogmedia/content/2022/03',1,10,'Y'),(571,'Seeking the Good Pasture',1,18,2,'2022-03-20','2022-03-21','p2022-03-20am.mp3','/cogmedia/content/2022/03',1,3,'Y'),(572,'Old Testament Tithing',4,11,2,'2022-04-06','2022-04-09','w2022-04-06am.mp3','/cogmedia/content/2022/04',1,33,'Y'),(573,'Galatians 4:1-7',6,3,2,'2022-03-27','2022-04-09','ssch2022-03-27am.mp3','/cogmedia/content/2022/03',1,10,'Y'),(574,'Friendship with the World',1,8,2,'2022-03-27','2022-04-09','p2022-03-27am.mp3','/cogmedia/content/2022/03',1,10,'Y'),(575,'Galatians 4:8-31',6,3,2,'2022-04-03','2022-04-09','ssch2022-04-03am.mp3','/cogmedia/content/2022/04',1,10,'Y'),(576,'Hindered by Our History',1,3,2,'2022-04-03','2022-04-09','p2022-04-03am.mp3','/cogmedia/content/2022/04',1,2,'Y'),(577,'I\'ve Found it Lord In Thee',9,6,2,'2022-03-27','2022-04-09','t2022-03-27am.mp3','/cogmedia/content/2022/03',1,48,'Y'),(578,'Social Programming',1,3,2,'2022-04-10','2022-04-24','p2022-04-10am.mp3','/cogmedia/content/2022/04',1,2,'Y'),(579,'Glorious Freedom',2,15,2,'2022-04-17','2022-04-24','ss2022-04-17am.mp3','/cogmedia/content/2022/04',1,27,'Y'),(580,'Good For Nothing?',1,3,2,'2022-04-17','2022-04-24','p2022-04-17am.mp3','/cogmedia/content/2022/04',1,2,'Y'),(581,'Build Up Your Most Holy Faith',1,3,2,'2022-04-24','2022-04-24','p2022-04-24am.mp3','/cogmedia/content/2022/04',1,2,'Y'),(582,'The Publican Factor',7,5,2,'2022-05-01','2022-05-01','2022 5.2Publicans.pdf','/cogmedia/content/2022/05',1,29,'Y'),(583,'I Can Do All Things',1,3,2,'2022-05-01','2022-05-01','p2022-05-01am.mp3','/cogmedia/content/2022/05',1,2,'Y'),(584,'New Testament Giving',4,11,2,'2022-05-04','2022-05-08','bs2022-05-04pm.mp3','/cogmedia/content/2022/05',1,33,'Y'),(585,'True Freedom in Christ',1,6,12,'2022-05-07','2022-05-08','p2022-05-07pm.mp3','/cogmedia/content/2022/05',1,2,'Y'),(586,'A Tale of Two Apostles',1,12,12,'2022-05-08','2022-05-13','p2022-05-08am.mp3','/cogmedia/content/2022/05',1,2,'Y'),(587,'Our God, He is Alive',2,15,2,'2022-05-15','2022-05-22','ss2022-05-15am.mp3','/cogmedia/content/2022/05',1,19,'Y'),(588,'Galatians 5:1-12',6,3,2,'2022-05-15','2022-05-22','ssch2022-05-15am.mp3','/cogmedia/content/2022/05',1,10,'Y'),(589,'Examine Yourself',1,18,2,'2022-05-15','2022-05-22','p2022-05-15am.mp3','/cogmedia/content/2022/05',1,2,'Y'),(590,'Galatians 5:13-26',6,3,2,'2022-05-22','2022-06-12','ssch2022-05-22am.mp3','/cogmedia/content/2022/05',1,10,'Y'),(591,'Digging out the Stones',1,8,2,'2022-05-22','2022-06-12','p2022-05-22am.mp3','/cogmedia/content/2022/05',1,2,'Y'),(592,'Galatians 6:1-18',6,3,2,'2022-05-29','2022-06-12','ssch2022-05-29am.mp3','/cogmedia/content/2022/05',1,10,'Y'),(593,'Embracing Refinement',1,18,2,'2022-05-29','2022-06-12','p2022-05-29am.mp3','/cogmedia/content/2022/05',1,2,'Y'),(594,'Ephesians 1:1-14',6,4,2,'2022-06-05','2022-06-12','ssch2022-06-05am.mp3','/cogmedia/content/2022/06',1,10,'Y'),(595,'The Christian Disposition',1,11,2,'2022-06-05','2022-06-12','p2022-06-05am.mp3','/cogmedia/content/2022/06',1,2,'Y'),(596,'Ephesians 1:15-23',6,3,2,'2022-06-12','2022-06-12','ssch2022-06-12am.mp3','/cogmedia/content/2022/06',1,10,'Y'),(597,'Rich Toward God',1,8,2,'2022-06-12','2022-06-12','p2022-06-12am.mp3','/cogmedia/content/2022/06',1,2,'Y'),(598,'When Faith Matters Most',9,3,2,'2022-06-12','2022-06-13','t2022-06-12am.mp3','/cogmedia/content/2022/06',1,49,'Y'),(599,'God of the Mountain',2,3,13,'2022-06-15','2022-06-16','ss2022-06-15pm.mp3','/cogmedia/content/2022/06',1,27,'Y'),(600,'The Gift of Salvation',1,12,13,'2022-06-15','2022-06-16','p2022-06-15pm.mp3','/cogmedia/content/2022/06',1,24,'Y'),(601,'God\'s SuperStore',1,4,13,'2022-06-16','2022-06-16','p2022-06-16am.mp3','/cogmedia/content/2022/06',1,4,'Y'),(602,'Preparing the Soil',1,18,13,'2022-06-16','2022-06-16','p2022-06-16pm.mp3','/cogmedia/content/2022/06',1,46,'Y'),(603,'Without Reserve',1,8,13,'2022-06-17','2022-06-17','p2022-06-17pm.mp3','/cogmedia/content/2022/06',1,24,'Y'),(604,'Heaven in the House',1,18,13,'2022-06-17','2022-06-17','p2022-06-17am.mp3','/cogmedia/content/2022/06',1,24,'Y'),(605,'Satisfied',2,6,13,'2022-06-17','2022-06-17','ss2022-06-17pm.mp3','/cogmedia/content/2022/06',1,27,'Y'),(606,'At the Cross of Jesus Bowing',3,6,13,'2022-06-17','2022-06-17','cs2022-06-17pm-cross.mp3','/cogmedia/content/2022/06',1,26,'Y'),(607,'Happy in the Lord',3,15,13,'2022-06-17','2022-06-17','cs2022-06-17pm-happy.mp3','/cogmedia/content/2022/06',1,26,'Y'),(608,'It is Well With My Soul',3,3,13,'2022-06-17','2022-06-17','cs2022-06-17pm-well.mp3','/cogmedia/content/2022/06',1,26,'Y'),(609,'Whiter than Snow',3,12,13,'2022-06-17','2022-06-17','cs2022-06-17pm-white.mp3','/cogmedia/content/2022/06',1,26,'Y'),(610,'The Golden Key',3,3,13,'2022-06-17','2022-06-17','cs2022-06-17pm-key.mp3','/cogmedia/content/2022/06',1,26,'Y'),(611,'Do You Really Mean That?',9,8,13,'2022-06-18','2022-06-18','t2022-06-18am.mp3','/cogmedia/content/2022/06',1,17,'Y'),(612,'Hearing His Voice',1,11,13,'2022-06-18','2022-06-18','p2022-06-18am.mp3','/cogmedia/content/2022/06',1,31,'Y'),(613,'While Ages Roll',2,16,13,'2022-06-18','2022-06-18','ss2022-06-18am-rolls.mp3','/cogmedia/content/2022/06',1,50,'Y'),(614,'He Giveth More Grace',2,10,13,'2022-06-18','2022-06-18','ss2022-06-18am-grace.mp3','/cogmedia/content/2022/06',1,50,'Y'),(615,'We Have Jesus',9,17,13,'2022-06-18','2022-06-18','t2022-06-18pm.mp3','/cogmedia/content/2022/06',1,44,'Y'),(616,'A Place Prepared for You',1,17,13,'2022-06-18','2022-06-18','p2022-06-18pm.mp3','/cogmedia/content/2022/06',1,17,'Y'),(617,'Grossly Overpaid',9,17,13,'2022-06-18','2022-06-18','t2022-06-18-overpaid-pm.mp3','/cogmedia/content/2022/06',1,2,'Y'),(618,'Sweet Rest in Jesus',3,6,13,'2022-06-18','2022-06-18','cs2022-06-18pm-sweetrest.mp3','/cogmedia/content/2022/06',1,26,'Y'),(619,'Found it Lord in Thee',3,16,13,'2022-06-18','2022-06-18','cs2022-06-18pm-foundit.mp3','/cogmedia/content/2022/06',1,26,'Y'),(620,'Get Through to the Other Side',1,11,13,'2022-06-19','2022-06-27','p2022-06-19am.mp3','/cogmedia/content/2022/06',1,31,'Y'),(621,'Ephesians 2:1-10',6,12,13,'2022-06-19','2022-06-26','ssch2022-06-19pm.mp3','/cogmedia/content/2022/06',1,10,'Y'),(622,'A New Era',9,9,13,'2022-06-19','2022-06-26','t2022-06-19am.mp3','/cogmedia/content/2022/06',1,2,'Y'),(623,'Ephesians 2:11-22',6,19,2,'2022-06-26','2022-06-27','ssch2022-06-26pm.mp3','/cogmedia/content/2022/06',1,10,'Y'),(624,'Making a Jewel In Your Life',1,18,2,'2022-06-26','2022-06-27','p2022-06-26am.mp3','/cogmedia/content/2022/06',1,2,'Y'),(625,'Epesians 3:1-11',6,12,2,'2022-07-03','2022-07-04','ssch2022-07-03pm.mp3','/cogmedia/content/2022/07',1,10,'Y'),(626,'Following Hard After God',1,18,2,'2022-07-03','2022-07-04','p2022-07-03am.mp3','/cogmedia/content/2022/07',1,2,'Y'),(627,'Ephesians 3:13-21',6,3,2,'2022-07-10','2022-07-11','ssch2022-07-10am.mp3','/cogmedia/content/2022/07',1,10,'Y'),(628,'Children Have Ye Any Meat?',1,22,2,'2022-07-10','2022-07-11','p2022-07-10am.mp3','/cogmedia/content/2022/07',1,3,'Y'),(629,'Ephesian 4:1-6',6,19,2,'2022-07-31','2022-07-31','ssch2022-07-31am.mp3','/cogmedia/content/2022/07',1,10,'Y'),(630,'An Intimate Knowledge of God',1,22,2,'2022-07-31','2022-07-31','p2022-07-31am.mp3','/cogmedia/content/2022/07',1,2,'Y'),(631,'Ephesians 4:7-12',6,19,2,'2022-08-07','2022-08-12','ssch2022-08-07am.mp3','/cogmedia/content/2022/08',1,10,'Y'),(632,'He\'s Everything That I Need',2,6,2,'2022-08-07','2022-08-12','ss2022-08-07am.mp3','/cogmedia/content/2022/08',1,8,'Y'),(633,'Writing Your Own Eulogy',1,18,2,'2022-08-07','2022-08-12','p2022-08-07am.mp3','/cogmedia/content/2022/08',1,2,'Y'),(634,'Ephesians 4:12-16',6,19,2,'2022-08-14','2022-08-14','ssch2022-08-14am.mp3','/cogmedia/content/2022/08',1,10,'Y'),(635,'Calmly Resting in the Lord',2,3,2,'2022-08-14','2022-08-14','ss2022-08-14am.mp3','/cogmedia/content/2022/08',1,27,'Y'),(636,'Glorifying God\'s Name',1,22,2,'2022-08-14','2022-08-14','p2022-08-14am.mp3','/cogmedia/content/2022/08',1,3,'Y'),(637,'Power From on Hgh',7,8,2,'2022-08-17','2022-08-17','Poweronhigh.pdf','/cogmedia/content/2022/08',1,16,'Y'),(638,'Ephesians 4:17-24',6,19,2,'2022-08-21','2022-08-22','ssch2022-08-21am.mp3','/cogmedia/content/2022/08',1,10,'Y'),(639,'Life is Short - Seize the Day',1,11,2,'2022-08-21','2022-08-22','p2022-08-21am.mp3','/cogmedia/content/2022/08',1,10,'Y'),(644,'Try the Spirits',1,11,2,'2022-08-28','2022-08-29','p2022-08-28am.m4a','/cogmedia/content/2022/08',1,2,'Y'),(645,'Ephesians 5:1:14',6,19,2,'2022-09-04','2022-09-13','ssch2022-09-04am.mp3','/cogmedia/content/2022/09',1,10,'Y'),(646,'Spiritual Weapons',1,14,2,'2022-09-04','2022-09-05','p2022-09-04am.m4a','/cogmedia/content/2022/09',1,2,'Y'),(647,'Ephesians 4:22-32',6,19,2,'2022-08-28','2022-09-13','ssch2022-08-28am.mp3','/cogmedia/content/2022/08',1,10,'Y'),(648,'Ephesians 5:15-20',6,19,2,'2022-09-11','2022-09-13','ssch2022-09-11am.mp3','/cogmedia/content/2022/09',1,10,'Y'),(649,'Heaven is Worth the Fight',1,14,2,'2022-09-11','2022-09-12','p2022-09-11am.m4a','/cogmedia/content/2022/09',1,2,'Y'),(650,'Ephesians 6:1-4',6,19,2,'2022-09-25','2022-09-28','ssch2022-09-25am.mp3','/cogmedia/content/2022/09',1,10,'Y'),(651,'Honesty the Best Policy',1,14,2,'2022-09-25','2022-09-28','p2022-09-25am.m4a','/cogmedia/content/2022/09',1,2,'Y'),(652,'Ephesians 6:5-9',6,19,2,'2022-10-02','2022-10-09','ssch2022-10-02am.mp3','/cogmedia/content/2022/10',1,10,'Y'),(653,'Helmet of Salvation',1,8,2,'2022-10-02','2022-10-09','p2022-10-02am.m4a','/cogmedia/content/2022/10',1,2,'Y'),(654,'Ephesians 6:10-24',6,14,2,'2022-10-09','2022-10-10','ssch2022-10-09am.mp3','/cogmedia/content/2022/10',1,10,'Y'),(655,'Why?',1,14,2,'2022-10-09','2022-10-10','p2022-10-09am.m4a','/cogmedia/content/2022/10',1,6,'Y'),(656,'Phillipians 1:1-11',6,19,2,'2022-10-16','2022-10-26','ssch2022-10-16am.mp3','/cogmedia/content/2022/10',1,10,'Y'),(657,'Philippians 1:12-26',6,19,2,'2022-10-23','2022-10-26','ssch2022-10-23am.mp3','/cogmedia/content/2022/10',1,10,'Y'),(658,'Preparing for Battle',1,11,2,'2022-10-16','2022-10-26','p2022-10-16am.m4a','/cogmedia/content/2022/10',1,10,'Y'),(659,'Unity',1,5,2,'2022-10-23','2022-10-26','p2022-10-23am.m4a','/cogmedia/content/2022/10',1,2,'Y'),(660,'Fill My Cup Lord',2,23,2,'2022-10-28','2022-11-01','ss2022-10-28pm.m4a','/cogmedia/content/2022/10',1,27,'Y'),(661,'God Will Supply All Your Needs',1,22,2,'2022-10-28','2022-11-01','p2022-10-28pm.m4a','/cogmedia/content/2022/10',1,18,'Y'),(662,'Let Mercy Work in Your Life',1,18,2,'2022-10-29','2022-11-01','p2022-10-29pm.m4a','/cogmedia/content/2022/10',1,18,'Y'),(663,'Bring it All to Jesus',2,23,2,'2022-10-29','2022-11-01','ss2022-10-29pm.m4a','/cogmedia/content/2022/10',1,52,'Y'),(664,'Philippians 1:27 - 2:3',6,19,2,'2022-10-30','2022-11-01','ssch2022-10-30am.mp3','/cogmedia/content/2022/10',1,10,'Y'),(665,'God\'s Abundant Power',1,18,2,'2022-10-30','2022-11-01','p2022-10-30am.m4a','/cogmedia/content/2022/10',1,18,'Y'),(666,'Phillipians 2:3-11',6,19,2,'2022-11-06','2022-11-19','ssch2022-11-06am.mp3','/cogmedia/content/2022/11',1,10,'Y'),(667,'Philippians 2:12-16',6,19,2,'2022-11-13','2022-11-19','ssch2022-11-13am.mp3','/cogmedia/content/2022/11',1,10,'Y'),(668,'Jesus - The Who for Our Why',1,14,2,'2022-11-06','2022-11-19','p2022-11-06am.m4a','/cogmedia/content/2022/11',1,10,'Y'),(669,'A Sure Calling and Election',1,12,2,'2022-11-13','2022-11-19','p2022-11-13am.m4a','/cogmedia/content/2022/11',1,2,'Y');
/*!40000 ALTER TABLE `content` ENABLE KEYS */;
UNLOCK TABLES;

--
-- Table structure for table `content_tag`
--

DROP TABLE IF EXISTS `content_tag`;
/*!40101 SET @saved_cs_client     = @@character_set_client */;
/*!40101 SET character_set_client = utf8 */;
CREATE TABLE `content_tag` (
  `content_tag_id` int(11) NOT NULL AUTO_INCREMENT,
  `content_id` int(11) NOT NULL,
  `modified_user` int(11) NOT NULL,
  `tag_id` int(11) NOT NULL,
  PRIMARY KEY (`content_tag_id`),
  KEY `FKE8D33ED46186A17D` (`content_id`),
  KEY `FKE8D33ED4AD8A6B5D` (`tag_id`),
  KEY `FKE8D33ED47F37BCDE` (`modified_user`),
  CONSTRAINT `FKE8D33ED46186A17D` FOREIGN KEY (`content_id`) REFERENCES `content` (`content_id`),
  CONSTRAINT `FKE8D33ED47F37BCDE` FOREIGN KEY (`modified_user`) REFERENCES `admin_user` (`user_id`),
  CONSTRAINT `FKE8D33ED4AD8A6B5D` FOREIGN KEY (`tag_id`) REFERENCES `tag` (`tag_id`)
) ENGINE=InnoDB DEFAULT CHARSET=latin1;
/*!40101 SET character_set_client = @saved_cs_client */;

--
-- Dumping data for table `content_tag`
--

LOCK TABLES `content_tag` WRITE;
/*!40000 ALTER TABLE `content_tag` DISABLE KEYS */;
/*!40000 ALTER TABLE `content_tag` ENABLE KEYS */;
UNLOCK TABLES;

--
-- Table structure for table `content_type`
--

DROP TABLE IF EXISTS `content_type`;
/*!40101 SET @saved_cs_client     = @@character_set_client */;
/*!40101 SET character_set_client = utf8 */;
CREATE TABLE `content_type` (
  `content_type_id` int(11) NOT NULL AUTO_INCREMENT,
  `content_type` varchar(16) NOT NULL,
  `description` varchar(75) NOT NULL,
  PRIMARY KEY (`content_type_id`)
) ENGINE=InnoDB AUTO_INCREMENT=11 DEFAULT CHARSET=latin1;
/*!40101 SET character_set_client = @saved_cs_client */;

--
-- Dumping data for table `content_type`
--

LOCK TABLES `content_type` WRITE;
/*!40000 ALTER TABLE `content_type` DISABLE KEYS */;
INSERT INTO `content_type` VALUES (1,'Message','Preaching'),(2,'Special Song','Special Singing'),(3,'Singing','Congregational Singing'),(4,'Bible Study','Bible Study'),(5,'Young People Mtg','Young People Meeting'),(6,'Sunday School','Sunday School'),(7,'Lesson','PDF File'),(8,'Memorial Service','Memorial'),(9,'Testimony','Testimony'),(10,'Bible Study Reco','Bible Study');
/*!40000 ALTER TABLE `content_type` ENABLE KEYS */;
UNLOCK TABLES;

--
-- Table structure for table `link`
--

DROP TABLE IF EXISTS `link`;
/*!40101 SET @saved_cs_client     = @@character_set_client */;
/*!40101 SET character_set_client = utf8 */;
CREATE TABLE `link` (
  `id` bigint(20) NOT NULL AUTO_INCREMENT,
  `name` varchar(50) NOT NULL,
  `url` varchar(100) NOT NULL,
  `sort_order` int(11) DEFAULT NULL,
  PRIMARY KEY (`id`)
) ENGINE=InnoDB AUTO_INCREMENT=23 DEFAULT CHARSET=latin1;
/*!40101 SET character_set_client = @saved_cs_client */;

--
-- Dumping data for table `link`
--

LOCK TABLES `link` WRITE;
/*!40000 ALTER TABLE `link` DISABLE KEYS */;
INSERT INTO `link` VALUES (1,'Church of God Evening Light','http://churchofgodeveninglight.com/',0),(2,'Church of God Preaching','http://churchofgodpreaching.com',5),(3,'Church of God Singing','http://churchofgodsinging.com',10),(4,'The Gospel Truth','http://www.thegospeltruth.org/',15),(5,'Africa Mission','https://www.africamission.com/',20),(6,'Kenya Orphanage','https://www.facebook.com/hurumadolororphanage',25),(7,'Sunday School Literature','https://www.sundayschoolliterature.com/',30),(8,'Quarterly Bible Lessons','http://churchofgodtoday.com/',35),(9,'Evening Light Songs','http://www.eveninglightsongs.com/',40),(10,'Monark Springs Recordings','http://www.monarkcampmeeting.org/',45),(11,'Church of God Mission','http://churchofgodmission.com',50),(12,'Church of God - Dallas, Texas','http://www.churchofgoddallas.org/',55),(13,'Church of God, Pacoima','https://www.churchofgodpacoima.com/',60),(14,'Church of God - Sapulpa Road','http://www.sapulpachurchofgod.com/',65),(15,'Church of God - Neosho','http://churchofgodneosho.org/',70),(16,'Monark Springs','http://MonarkSprings.com',75),(17,'Online Bible Concordances','http://concordances.org/',80),(18,'Bible Gateway - Online Bible w/audio','http://biblegateway.com/',85),(19,'Quick Bible Search','http://quod.lib.umich.edu/k/kjv/simple.html',90),(20,'Bible History','http://bible-history.com/',95),(21,'Life and Epistles of Paul','http://www.biblestudy.org/apostlepaul/main.html',100),(22,'Church of God - Oklahoma City','http://www.oklahomacitychurchofgod.com/',66);
/*!40000 ALTER TABLE `link` ENABLE KEYS */;
UNLOCK TABLES;

--
-- Table structure for table `location`
--

DROP TABLE IF EXISTS `location`;
/*!40101 SET @saved_cs_client     = @@character_set_client */;
/*!40101 SET character_set_client = utf8 */;
CREATE TABLE `location` (
  `location_id` int(11) NOT NULL AUTO_INCREMENT,
  `name_txt` varchar(30) NOT NULL,
  `description` varchar(75) DEFAULT NULL,
  `address` varchar(50) DEFAULT NULL,
  `city_id` int(11) NOT NULL,
  `active_ind` char(1) NOT NULL DEFAULT 'Y',
  `google_url` varchar(1000) DEFAULT NULL,
  PRIMARY KEY (`location_id`),
  KEY `city_location_fk` (`city_id`),
  CONSTRAINT `city_location_fk` FOREIGN KEY (`city_id`) REFERENCES `city` (`city_id`)
) ENGINE=InnoDB AUTO_INCREMENT=15 DEFAULT CHARSET=latin1;
/*!40101 SET character_set_client = @saved_cs_client */;

--
-- Dumping data for table `location`
--

LOCK TABLES `location` WRITE;
/*!40000 ALTER TABLE `location` DISABLE KEYS */;
INSERT INTO `location` VALUES (1,'Clackamas','Clackamas Congregation','Tolbert Street',1,'N','<iframe width=\"480\" height=\"350\" frameborder=\"0\" scrolling=\"no\" marginheight=\"0\" marginwidth=\"0\" src=\"https://maps.google.com/maps?source=s_q&hl=en&geocode=&q=8939+Southeast+Tolbert+Street,+Clackamas,+OR&aq=0&oq=8939+SE+Tolbert+St++Cla&sll=37.249191,-93.286353&sspn=0.006422,0.010782&t=h&ie=UTF8&hq=&hnear=8939+SE+Tolbert+St,+Clackamas,+Oregon+97015&z=14&ll=45.412874,-122.571584&output=embed\"></iframe><br /><small><a href=\"https://maps.google.com/maps?f=q&source=embed&hl=en&geocode=&q=8939+Southeast+Tolbert+Street,+Clackamas,+OR&aq=0&oq=8939+SE+Tolbert+St++Cla&sll=37.249191,-93.286353&sspn=0.006422,0.010782&t=h&ie=UTF8&hq=&hnear=8939+SE+Tolbert+St,+Clackamas,+Oregon+97015&z=14&ll=45.412874,-122.571584\" style=\"color:#0000FF;text-align:left\">View Larger Map</a></small>'),(2,'Gladstone','The Gladstone Community Club','255 E. Exeter St.',3,'Y','<iframe width=\"480\" height=\"350\" frameborder=\"0\" scrolling=\"no\" marginheight=\"0\" marginwidth=\"0\" src=\"https://maps.google.com/maps?source=s_q&hl=en&geocode=&q=255+E+Exeter+Street,+Gladstone,+OR+97027&t=h&ie=UTF8&output=embed\"></iframe>'),(3,'Chilliwack',NULL,NULL,4,'N',NULL),(4,'Jefferson','Jefferson Oregon Campgrounds','14810 Skelton Rd SE, Jefferson, OR 97352',2,'Y','<iframe width=\"480\" height=\"350\" frameborder=\"0\" scrolling=\"no\" marginheight=\"0\" marginwidth=\"0\" src=\"https://maps.google.com/maps?f=q&amp;source=s_q&amp;hl=en&amp;geocode=&amp;q=14810+Skelton+Rd+SE+Jefferson,+OR&amp;&t=h&ie=UTF8&output=embed\"></iframe>'),(5,'Sapulpa','Sapulpa Congregation','8500 S. Frankoma Road',5,'Y','<iframe width=\"480\" height=\"350\" frameborder=\"0\" scrolling=\"no\" marginheight=\"0\" marginwidth=\"0\" src=\"https://maps.google.com/maps?f=q&amp;source=s_q&amp;hl=en&amp;geocode=&amp;q=8500+Frankoma+Road,+Sapulpa,+OK&amp;&t=h&ie=UTF8&output=embed\"></iframe>'),(6,'Neosho','Neosho, Missouri','18762 Linden Drive, Neosho, MO 64850',6,'Y','<iframe width=\"480\" height=\"350\" frameborder=\"0\" scrolling=\"no\" marginheight=\"0\" marginwidth=\"0\" src=\"https://maps.google.com/maps?f=q&amp;source=s_q&amp;hl=en&amp;geocode=&amp;q=18762+Linden+Drive+Neosho,+MO+64850&amp;&t=h&ie=UTF8&output=embed\"></iframe>'),(7,'Springfield','Springfield, MO','444 E. Evergreen',8,'Y','<iframe width=\"480\" height=\"350\" frameborder=\"0\" scrolling=\"no\" marginheight=\"0\" marginwidth=\"0\" src=\"https://maps.google.com/maps?f=q&amp;source=s_q&amp;hl=en&amp;geocode=&amp;q=444+E.+Evergreen+Springfield,+MO&amp;&t=h&ie=UTF8&output=embed\"></iframe>'),(8,'Oklahoma City',NULL,'5900 N.E. 23rd St.',9,'Y','<iframe width=\"480\" height=\"350\" frameborder=\"0\" scrolling=\"no\" marginheight=\"0\" marginwidth=\"0\" src=\"https://maps.google.com/maps?f=q&source=s_q&hl=en&geocode=&q=6438+Northeast+23rd+Street,+Oklahoma+City,+OK&t=h&ie=UTF8&output=embed\"></iframe>'),(9,'Pacoima','Pacoima, California','12312 Osborne Place Pacoima, CA 91331',10,'N',NULL),(10,'Virtual','On line (COVID-19)','https://us02web.zoom.us/j/4179158207',11,'N',NULL),(11,'Elwell Corp','Elwell Warehouse',NULL,12,'Y',NULL),(12,'Knott City Park',NULL,'Knott Park',13,'Y',NULL),(13,'Hillside Christian','Rented for camp meeting','Glen Echo',3,'N',NULL),(14,'Monark Springs','Monark Springs',NULL,6,'N',NULL);
/*!40000 ALTER TABLE `location` ENABLE KEYS */;
UNLOCK TABLES;

--
-- Table structure for table `location_detail`
--

DROP TABLE IF EXISTS `location_detail`;
/*!40101 SET @saved_cs_client     = @@character_set_client */;
/*!40101 SET character_set_client = utf8 */;
CREATE TABLE `location_detail` (
  `location_detail_id` int(11) NOT NULL AUTO_INCREMENT,
  `location_id` int(11) NOT NULL,
  `type_code` varchar(20) NOT NULL,
  `label` varchar(30) NOT NULL,
  `value` varchar(50) DEFAULT NULL,
  `sort_order` int(11) NOT NULL DEFAULT '0',
  PRIMARY KEY (`location_detail_id`),
  KEY `FKE6BE501B9A867797` (`location_id`),
  CONSTRAINT `FKE6BE501B9A867797` FOREIGN KEY (`location_id`) REFERENCES `location` (`location_id`)
) ENGINE=InnoDB AUTO_INCREMENT=2312 DEFAULT CHARSET=latin1;
/*!40101 SET character_set_client = @saved_cs_client */;

--
-- Dumping data for table `location_detail`
--

LOCK TABLES `location_detail` WRITE;
/*!40000 ALTER TABLE `location_detail` DISABLE KEYS */;
INSERT INTO `location_detail` VALUES (1,1,'header','Location','',0),(3,1,'text','Address:','8939 SE Tolbert St',1),(4,1,'text','City, State, Zip','Clackamas, OR 97015',2),(5,1,'header','Services','',3),(6,1,'text','Sunday School:','10:15 AM',4),(7,1,'text','Sunday Services:','11:15 AM, 3:00 PM',5),(9,1,'header','Contact Info:','',8),(10,1,'email','Email:','delwell2@yahoo.com',9),(11,1,'url','Web Site:','http://churchofgodportland.org',10),(12,3,'header','Location','',0),(13,3,'text','Address:','',1),(14,3,'text','City, State, Zip:','',2),(15,3,'header','Services','',3),(16,3,'text','Sunday School:','9:45 AM',4),(17,3,'text','Sunday AM:','10:45 AM',5),(18,3,'text','Sunday PM:','6:00 PM',6),(19,3,'header','Contact Info:','',7),(20,3,'email','Email:','',9),(22,3,'text','Wednesday PM:','7:30',8),(23,4,'header','Location','',0),(24,4,'text','Address:','14810 Skelton Rd SE',1),(25,4,'text','City, State, Zip:','Jefferson, OR 97352',2),(26,4,'header','Services','',3),(27,4,'text','Sunday School:','9:45 AM',4),(28,4,'text','Sunday Services:','10:45 AM; 2:00 PM',5),(33,4,'text','Wednesday PM:','7:30',7),(34,5,'header','Location','',0),(35,5,'text','Address:','8500 Frankoma Road',1),(36,5,'text','City, State, Zip:','Sapulpa, OK',2),(37,5,'header','Services','',3),(38,5,'text','Sunday School:','9:45 AM',4),(39,5,'text','Sunday AM Service','10:45 AM',5),(40,5,'text','Sunday PM Service:','6:00 PM',6),(41,5,'header','Contact Info:','',8),(43,5,'url','Web Site:','http://sapulpachurchofgod.com/',10),(44,5,'text','Wednesday PM:','7:00',7),(45,1,'text','Wednesday PM:','7:15 PM',7),(46,6,'header','Location','',0),(47,6,'text','Address:','18762 Linden Drive',1),(48,6,'text','City, State, Zip:','Neosho, MO 64850',2),(49,6,'header','Services','',3),(50,6,'text','Sunday School:','9:45 AM',4),(51,6,'text','Sunday Services:','10:45 AM; 6:30 PM',5),(53,6,'header','Contact Info:','',8),(55,6,'url','Web Site:','http://churchofgodneosho.org/',10),(56,6,'text','Wednesday PM:','7:00 PM',7),(68,7,'header','Location','',0),(69,7,'text','Address:','444 E. Evergreen',1),(70,7,'text','City, State, Zip:','Springfield, MO 65803',2),(71,7,'header','Services','',3),(72,7,'text','Sunday School:','9:45 AM',4),(73,7,'text','Sunday Services:','10:45 AM; 6:00 PM',5),(74,7,'header','Contact Info:','',7),(75,7,'text','Pastor:','Bro. Michael Smith (417) 725-5769',8),(76,7,'url','Web Site:','https://facebook.com/springfieldchurchofgod/',9),(77,7,'text','Wednesday PM:','7:00',6),(78,8,'header','Location','',0),(79,8,'text','Address:','5900 NE 23rd St',1),(80,8,'text','City, State, Zip:','Oklahoma CIty, OK',2),(81,8,'header','Services','',3),(82,8,'text','Sunday School:','9:45 AM',4),(83,8,'text','Sunday Services:','10:45 AM; 6:00 PM',5),(84,8,'header','Contact Info:','',7),(85,8,'email','Phone:','Bro. Loren Busbee (405) 478-3860',8),(86,8,'text','Chapel Phone:','(405) 427-1223',9),(87,8,'text','Wednesday PM:','7:30',6),(88,8,'url','Web Site:','http://oklahomacitychurchofgod.com/',10),(91,2,'header','Location','',0),(93,2,'text','Address:','255 E Exeter St.',1),(94,2,'text','City, State, Zip','Gladstone, OR 97027',2),(95,2,'header','Services','',3),(96,2,'text','Sunday School:','10:15 AM',4),(97,2,'text','Sunday Services:','11:15 AM, 2:30 PM',5),(98,2,'text','Wednesday Night:','7:30 PM',6),(99,2,'header','Contact Info:','',8),(100,2,'email','Email:','delwell2@yahoo.com',9),(101,2,'url','Web Site:','http://churchofgodportland.org',10),(102,1,'header','Location','',0),(103,1,'text','Address:','',1),(104,1,'text','City, State, Zip:','',2),(105,1,'header','Services','',3),(106,1,'text','Sunday School:','9:45 AM',4),(107,1,'text','Sunday Services:','10:45 AM; 6:00 PM',5),(108,1,'header','Contact Info:','',7),(109,1,'email','Email:','',8),(110,1,'url','Web Site:','',9),(111,1,'text','Wednesday PM:','7:30',6),(112,9,'header','Location','',0),(113,9,'text','Address:','',1),(114,9,'text','City, State, Zip:','',2),(115,9,'header','Services','',3),(116,9,'text','Sunday School:','9:45 AM',4),(117,9,'text','Sunday Services:','10:45 AM; 6:00 PM',5),(118,9,'header','Contact Info:','',7),(119,9,'email','Email:','',8),(120,9,'url','Web Site:','',9),(121,9,'text','Wednesday PM:','7:30',6),(122,1,'header','Location','',0),(123,1,'text','Address:','',1),(124,1,'text','City, State, Zip:','',2),(125,1,'header','Services','',3),(126,1,'text','Sunday School:','9:45 AM',4),(127,1,'text','Sunday Services:','10:45 AM; 6:00 PM',5),(128,1,'header','Contact Info:','',7),(129,1,'email','Email:','',8),(130,1,'url','Web Site:','',9),(131,1,'text','Wednesday PM:','7:30',6),(132,2,'header','Location','',0),(133,2,'text','Address:','',1),(134,2,'text','City, State, Zip:','',2),(135,2,'header','Services','',3),(136,2,'text','Sunday School:','9:45 AM',4),(137,2,'text','Sunday Services:','10:45 AM; 6:00 PM',5),(138,2,'header','Contact Info:','',7),(139,2,'email','Email:','',8),(140,2,'url','Web Site:','',9),(141,2,'text','Wednesday PM:','7:30',6),(142,7,'header','Location','',0),(143,7,'text','Address:','',1),(144,7,'text','City, State, Zip:','',2),(145,7,'header','Services','',3),(146,7,'text','Sunday School:','9:45 AM',4),(147,7,'text','Sunday Services:','10:45 AM; 6:00 PM',5),(148,7,'header','Contact Info:','',7),(149,7,'email','Email:','',8),(150,7,'url','Web Site:','',9),(151,7,'text','Wednesday PM:','7:30',6),(152,5,'header','Location','',0),(153,5,'text','Address:','',1),(154,5,'text','City, State, Zip:','',2),(155,5,'header','Services','',3),(156,5,'text','Sunday School:','9:45 AM',4),(157,5,'text','Sunday Services:','10:45 AM; 6:00 PM',5),(158,5,'header','Contact Info:','',7),(159,5,'email','Email:','',8),(160,5,'url','Web Site:','',9),(161,5,'text','Wednesday PM:','7:30',6),(162,3,'header','Location','',0),(163,3,'text','Address:','',1),(164,3,'text','City, State, Zip:','',2),(165,3,'header','Services','',3),(166,3,'text','Sunday School:','9:45 AM',4),(167,3,'text','Sunday Services:','10:45 AM; 6:00 PM',5),(168,3,'header','Contact Info:','',7),(169,3,'email','Email:','',8),(170,3,'url','Web Site:','',9),(171,3,'text','Wednesday PM:','7:30',6),(172,4,'header','Location','',0),(173,4,'text','Address:','',1),(174,4,'text','City, State, Zip:','',2),(175,4,'header','Services','',3),(176,4,'text','Sunday School:','9:45 AM',4),(177,4,'text','Sunday Services:','10:45 AM; 6:00 PM',5),(178,4,'header','Contact Info:','',7),(179,4,'email','Email:','',8),(180,4,'url','Web Site:','',9),(181,4,'text','Wednesday PM:','7:30',6),(182,9,'header','Location','',0),(183,9,'text','Address:','',1),(184,9,'text','City, State, Zip:','',2),(185,9,'header','Services','',3),(186,9,'text','Sunday School:','9:45 AM',4),(187,9,'text','Sunday Services:','10:45 AM; 6:00 PM',5),(188,9,'header','Contact Info:','',7),(189,9,'email','Email:','',8),(190,9,'url','Web Site:','',9),(191,9,'text','Wednesday PM:','7:30',6),(192,2,'header','Location','',0),(193,2,'text','Address:','',1),(194,2,'text','City, State, Zip:','',2),(195,2,'header','Services','',3),(196,2,'text','Sunday School:','9:45 AM',4),(197,2,'text','Sunday Services:','10:45 AM; 6:00 PM',5),(198,2,'header','Contact Info:','',7),(199,2,'email','Email:','',8),(200,2,'url','Web Site:','',9),(201,2,'text','Wednesday PM:','7:30',6),(202,5,'header','Location','',0),(203,5,'text','Address:','',1),(204,5,'text','City, State, Zip:','',2),(205,5,'header','Services','',3),(206,5,'text','Sunday School:','9:45 AM',4),(207,5,'text','Sunday Services:','10:45 AM; 6:00 PM',5),(208,5,'header','Contact Info:','',7),(209,5,'email','Email:','',8),(210,5,'url','Web Site:','',9),(211,5,'text','Wednesday PM:','7:30',6),(212,3,'header','Location','',0),(213,3,'text','Address:','',1),(214,3,'text','City, State, Zip:','',2),(215,3,'header','Services','',3),(216,3,'text','Sunday School:','9:45 AM',4),(217,3,'text','Sunday Services:','10:45 AM; 6:00 PM',5),(218,3,'header','Contact Info:','',7),(219,3,'email','Email:','',8),(220,3,'url','Web Site:','',9),(221,3,'text','Wednesday PM:','7:30',6),(222,4,'header','Location','',0),(223,4,'text','Address:','',1),(224,4,'text','City, State, Zip:','',2),(225,4,'header','Services','',3),(226,4,'text','Sunday School:','9:45 AM',4),(227,4,'text','Sunday Services:','10:45 AM; 6:00 PM',5),(228,4,'header','Contact Info:','',7),(229,4,'email','Email:','',8),(230,4,'url','Web Site:','',9),(231,4,'text','Wednesday PM:','7:30',6),(232,9,'header','Location','',0),(233,9,'text','Address:','',1),(234,9,'text','City, State, Zip:','',2),(235,9,'header','Services','',3),(236,9,'text','Sunday School:','9:45 AM',4),(237,9,'text','Sunday Services:','10:45 AM; 6:00 PM',5),(238,9,'header','Contact Info:','',7),(239,9,'email','Email:','',8),(240,9,'url','Web Site:','',9),(241,9,'text','Wednesday PM:','7:30',6),(242,1,'header','Location','',0),(243,1,'text','Address:','',1),(244,1,'text','City, State, Zip:','',2),(245,1,'header','Services','',3),(246,1,'text','Sunday School:','9:45 AM',4),(247,1,'text','Sunday Services:','10:45 AM; 6:00 PM',5),(248,1,'header','Contact Info:','',7),(249,1,'email','Email:','',8),(250,1,'url','Web Site:','',9),(251,1,'text','Wednesday PM:','7:30',6),(252,2,'header','Location','',0),(253,2,'text','Address:','',1),(254,2,'text','City, State, Zip:','',2),(255,2,'header','Services','',3),(256,2,'text','Sunday School:','9:45 AM',4),(257,2,'text','Sunday Services:','10:45 AM; 6:00 PM',5),(258,2,'header','Contact Info:','',7),(259,2,'email','Email:','',8),(260,2,'url','Web Site:','',9),(261,2,'text','Wednesday PM:','7:30',6),(262,8,'header','Location','',0),(263,8,'text','Address:','',1),(264,8,'text','City, State, Zip:','',2),(265,8,'header','Services','',3),(266,8,'text','Sunday School:','9:45 AM',4),(267,8,'text','Sunday Services:','10:45 AM; 6:00 PM',5),(268,8,'header','Contact Info:','',7),(269,8,'email','Email:','',8),(270,8,'url','Web Site:','',9),(271,8,'text','Wednesday PM:','7:30',6),(272,7,'header','Location','',0),(273,7,'text','Address:','',1),(274,7,'text','City, State, Zip:','',2),(275,7,'header','Services','',3),(276,7,'text','Sunday School:','9:45 AM',4),(277,7,'text','Sunday Services:','10:45 AM; 6:00 PM',5),(278,7,'header','Contact Info:','',7),(279,7,'email','Email:','',8),(280,7,'url','Web Site:','',9),(281,7,'text','Wednesday PM:','7:30',6),(282,5,'header','Location','',0),(283,5,'text','Address:','',1),(284,5,'text','City, State, Zip:','',2),(285,5,'header','Services','',3),(286,5,'text','Sunday School:','9:45 AM',4),(287,5,'text','Sunday Services:','10:45 AM; 6:00 PM',5),(288,5,'header','Contact Info:','',7),(289,5,'email','Email:','',8),(290,5,'url','Web Site:','',9),(291,5,'text','Wednesday PM:','7:30',6),(292,6,'header','Location','',0),(293,6,'text','Address:','',1),(294,6,'text','City, State, Zip:','',2),(295,6,'header','Services','',3),(296,6,'text','Sunday School:','9:45 AM',4),(297,6,'text','Sunday Services:','10:45 AM; 6:00 PM',5),(298,6,'header','Contact Info:','',7),(299,6,'email','Email:','',8),(300,6,'url','Web Site:','',9),(301,6,'text','Wednesday PM:','7:30',6),(302,3,'header','Location','',0),(303,3,'text','Address:','',1),(304,3,'text','City, State, Zip:','',2),(305,3,'header','Services','',3),(306,3,'text','Sunday School:','9:45 AM',4),(307,3,'text','Sunday Services:','10:45 AM; 6:00 PM',5),(308,3,'header','Contact Info:','',7),(309,3,'email','Email:','',8),(310,3,'url','Web Site:','',9),(311,3,'text','Wednesday PM:','7:30',6),(312,4,'header','Location','',0),(313,4,'text','Address:','',1),(314,4,'text','City, State, Zip:','',2),(315,4,'header','Services','',3),(316,4,'text','Sunday School:','9:45 AM',4),(317,4,'text','Sunday Services:','10:45 AM; 6:00 PM',5),(318,4,'header','Contact Info:','',7),(319,4,'email','Email:','',8),(320,4,'url','Web Site:','',9),(321,4,'text','Wednesday PM:','7:30',6),(322,9,'header','Location','',0),(323,9,'text','Address:','',1),(324,9,'text','City, State, Zip:','',2),(325,9,'header','Services','',3),(326,9,'text','Sunday School:','9:45 AM',4),(327,9,'text','Sunday Services:','10:45 AM; 6:00 PM',5),(328,9,'header','Contact Info:','',7),(329,9,'email','Email:','',8),(330,9,'url','Web Site:','',9),(331,9,'text','Wednesday PM:','7:30',6),(332,1,'header','Location','',0),(333,1,'text','Address:','',1),(334,1,'text','City, State, Zip:','',2),(335,1,'header','Services','',3),(336,1,'text','Sunday School:','9:45 AM',4),(337,1,'text','Sunday Services:','10:45 AM; 6:00 PM',5),(338,1,'header','Contact Info:','',7),(339,1,'email','Email:','',8),(340,1,'url','Web Site:','',9),(341,1,'text','Wednesday PM:','7:30',6),(342,2,'header','Location','',0),(343,2,'text','Address:','',1),(344,2,'text','City, State, Zip:','',2),(345,2,'header','Services','',3),(346,2,'text','Sunday School:','9:45 AM',4),(347,2,'text','Sunday Services:','10:45 AM; 6:00 PM',5),(348,2,'header','Contact Info:','',7),(349,2,'email','Email:','',8),(350,2,'url','Web Site:','',9),(351,2,'text','Wednesday PM:','7:30',6),(352,8,'header','Location','',0),(353,8,'text','Address:','',1),(354,8,'text','City, State, Zip:','',2),(355,8,'header','Services','',3),(356,8,'text','Sunday School:','9:45 AM',4),(357,8,'text','Sunday Services:','10:45 AM; 6:00 PM',5),(358,8,'header','Contact Info:','',7),(359,8,'email','Email:','',8),(360,8,'url','Web Site:','',9),(361,8,'text','Wednesday PM:','7:30',6),(362,7,'header','Location','',0),(363,7,'text','Address:','',1),(364,7,'text','City, State, Zip:','',2),(365,7,'header','Services','',3),(366,7,'text','Sunday School:','9:45 AM',4),(367,7,'text','Sunday Services:','10:45 AM; 6:00 PM',5),(368,7,'header','Contact Info:','',7),(369,7,'email','Email:','',8),(370,7,'url','Web Site:','',9),(371,7,'text','Wednesday PM:','7:30',6),(372,5,'header','Location','',0),(373,5,'text','Address:','',1),(374,5,'text','City, State, Zip:','',2),(375,5,'header','Services','',3),(376,5,'text','Sunday School:','9:45 AM',4),(377,5,'text','Sunday Services:','10:45 AM; 6:00 PM',5),(378,5,'header','Contact Info:','',7),(379,5,'email','Email:','',8),(380,5,'url','Web Site:','',9),(381,5,'text','Wednesday PM:','7:30',6),(382,6,'header','Location','',0),(383,6,'text','Address:','',1),(384,6,'text','City, State, Zip:','',2),(385,6,'header','Services','',3),(386,6,'text','Sunday School:','9:45 AM',4),(387,6,'text','Sunday Services:','10:45 AM; 6:00 PM',5),(388,6,'header','Contact Info:','',7),(389,6,'email','Email:','',8),(390,6,'url','Web Site:','',9),(391,6,'text','Wednesday PM:','7:30',6),(392,3,'header','Location','',0),(393,3,'text','Address:','',1),(394,3,'text','City, State, Zip:','',2),(395,3,'header','Services','',3),(396,3,'text','Sunday School:','9:45 AM',4),(397,3,'text','Sunday Services:','10:45 AM; 6:00 PM',5),(398,3,'header','Contact Info:','',7),(399,3,'email','Email:','',8),(400,3,'url','Web Site:','',9),(401,3,'text','Wednesday PM:','7:30',6),(402,4,'header','Location','',0),(403,4,'text','Address:','',1),(404,4,'text','City, State, Zip:','',2),(405,4,'header','Services','',3),(406,4,'text','Sunday School:','9:45 AM',4),(407,4,'text','Sunday Services:','10:45 AM; 6:00 PM',5),(408,4,'header','Contact Info:','',7),(409,4,'email','Email:','',8),(410,4,'url','Web Site:','',9),(411,4,'text','Wednesday PM:','7:30',6),(412,9,'header','Location','',0),(413,9,'text','Address:','',1),(414,9,'text','City, State, Zip:','',2),(415,9,'header','Services','',3),(416,9,'text','Sunday School:','9:45 AM',4),(417,9,'text','Sunday Services:','10:45 AM; 6:00 PM',5),(418,9,'header','Contact Info:','',7),(419,9,'email','Email:','',8),(420,9,'url','Web Site:','',9),(421,9,'text','Wednesday PM:','7:30',6),(422,1,'header','Location','',0),(423,1,'text','Address:','',1),(424,1,'text','City, State, Zip:','',2),(425,1,'header','Services','',3),(426,1,'text','Sunday School:','9:45 AM',4),(427,1,'text','Sunday Services:','10:45 AM; 6:00 PM',5),(428,1,'header','Contact Info:','',7),(429,1,'email','Email:','',8),(430,1,'url','Web Site:','',9),(431,1,'text','Wednesday PM:','7:30',6),(432,2,'header','Location','',0),(433,2,'text','Address:','',1),(434,2,'text','City, State, Zip:','',2),(435,2,'header','Services','',3),(436,2,'text','Sunday School:','9:45 AM',4),(437,2,'text','Sunday Services:','10:45 AM; 6:00 PM',5),(438,2,'header','Contact Info:','',7),(439,2,'email','Email:','',8),(440,2,'url','Web Site:','',9),(441,2,'text','Wednesday PM:','7:30',6),(442,8,'header','Location','',0),(443,8,'text','Address:','',1),(444,8,'text','City, State, Zip:','',2),(445,8,'header','Services','',3),(446,8,'text','Sunday School:','9:45 AM',4),(447,8,'text','Sunday Services:','10:45 AM; 6:00 PM',5),(448,8,'header','Contact Info:','',7),(449,8,'email','Email:','',8),(450,8,'url','Web Site:','',9),(451,8,'text','Wednesday PM:','7:30',6),(452,7,'header','Location','',0),(453,7,'text','Address:','',1),(454,7,'text','City, State, Zip:','',2),(455,7,'header','Services','',3),(456,7,'text','Sunday School:','9:45 AM',4),(457,7,'text','Sunday Services:','10:45 AM; 6:00 PM',5),(458,7,'header','Contact Info:','',7),(459,7,'email','Email:','',8),(460,7,'url','Web Site:','',9),(461,7,'text','Wednesday PM:','7:30',6),(462,5,'header','Location','',0),(463,5,'text','Address:','',1),(464,5,'text','City, State, Zip:','',2),(465,5,'header','Services','',3),(466,5,'text','Sunday School:','9:45 AM',4),(467,5,'text','Sunday Services:','10:45 AM; 6:00 PM',5),(468,5,'header','Contact Info:','',7),(469,5,'email','Email:','',8),(470,5,'url','Web Site:','',9),(471,5,'text','Wednesday PM:','7:30',6),(472,5,'header','Location','',0),(473,5,'text','Address:','',1),(474,5,'text','City, State, Zip:','',2),(475,5,'header','Services','',3),(476,5,'text','Sunday School:','9:45 AM',4),(477,5,'text','Sunday Services:','10:45 AM; 6:00 PM',5),(478,5,'header','Contact Info:','',7),(479,5,'email','Email:','',8),(480,5,'url','Web Site:','',9),(481,5,'text','Wednesday PM:','7:30',6),(482,6,'header','Location','',0),(483,6,'text','Address:','',1),(484,6,'text','City, State, Zip:','',2),(485,6,'header','Services','',3),(486,6,'text','Sunday School:','9:45 AM',4),(487,6,'text','Sunday Services:','10:45 AM; 6:00 PM',5),(488,6,'header','Contact Info:','',7),(489,6,'email','Email:','',8),(490,6,'url','Web Site:','',9),(491,6,'text','Wednesday PM:','7:30',6),(492,4,'header','Location','',0),(493,4,'text','Address:','',1),(494,4,'text','City, State, Zip:','',2),(495,4,'header','Services','',3),(496,4,'text','Sunday School:','9:45 AM',4),(497,4,'text','Sunday Services:','10:45 AM; 6:00 PM',5),(498,4,'header','Contact Info:','',7),(499,4,'email','Email:','',8),(500,4,'url','Web Site:','',9),(501,4,'text','Wednesday PM:','7:30',6),(502,9,'header','Location','',0),(503,9,'text','Address:','',1),(504,9,'text','City, State, Zip:','',2),(505,9,'header','Services','',3),(506,9,'text','Sunday School:','9:45 AM',4),(507,9,'text','Sunday Services:','10:45 AM; 6:00 PM',5),(508,9,'header','Contact Info:','',7),(509,9,'email','Email:','',8),(510,9,'url','Web Site:','',9),(511,9,'text','Wednesday PM:','7:30',6),(512,1,'header','Location','',0),(513,1,'text','Address:','',1),(514,1,'text','City, State, Zip:','',2),(515,1,'header','Services','',3),(516,1,'text','Sunday School:','9:45 AM',4),(517,1,'text','Sunday Services:','10:45 AM; 6:00 PM',5),(518,1,'header','Contact Info:','',7),(519,1,'email','Email:','',8),(520,1,'url','Web Site:','',9),(521,1,'text','Wednesday PM:','7:30',6),(522,8,'header','Location','',0),(523,8,'text','Address:','',1),(524,8,'text','City, State, Zip:','',2),(525,8,'header','Services','',3),(526,8,'text','Sunday School:','9:45 AM',4),(527,8,'text','Sunday Services:','10:45 AM; 6:00 PM',5),(528,8,'header','Contact Info:','',7),(529,8,'email','Email:','',8),(530,8,'url','Web Site:','',9),(531,8,'text','Wednesday PM:','7:30',6),(532,2,'header','Location','',0),(533,2,'text','Address:','',1),(534,2,'text','City, State, Zip:','',2),(535,2,'header','Services','',3),(536,2,'text','Sunday School:','9:45 AM',4),(537,2,'text','Sunday Services:','10:45 AM; 6:00 PM',5),(538,2,'header','Contact Info:','',7),(539,2,'email','Email:','',8),(540,2,'url','Web Site:','',9),(541,2,'text','Wednesday PM:','7:30',6),(542,7,'header','Location','',0),(543,7,'text','Address:','',1),(544,7,'text','City, State, Zip:','',2),(545,7,'header','Services','',3),(546,7,'text','Sunday School:','9:45 AM',4),(547,7,'text','Sunday Services:','10:45 AM; 6:00 PM',5),(548,7,'header','Contact Info:','',7),(549,7,'email','Email:','',8),(550,7,'url','Web Site:','',9),(551,7,'text','Wednesday PM:','7:30',6),(552,5,'header','Location','',0),(553,5,'text','Address:','',1),(554,5,'text','City, State, Zip:','',2),(555,5,'header','Services','',3),(556,5,'text','Sunday School:','9:45 AM',4),(557,5,'text','Sunday Services:','10:45 AM; 6:00 PM',5),(558,5,'header','Contact Info:','',7),(559,5,'email','Email:','',8),(560,5,'url','Web Site:','',9),(561,5,'text','Wednesday PM:','7:30',6),(562,4,'header','Location','',0),(563,4,'text','Address:','',1),(564,4,'text','City, State, Zip:','',2),(565,4,'header','Services','',3),(566,4,'text','Sunday School:','9:45 AM',4),(567,4,'text','Sunday Services:','10:45 AM; 6:00 PM',5),(568,4,'header','Contact Info:','',7),(569,4,'email','Email:','',8),(570,4,'url','Web Site:','',9),(571,4,'text','Wednesday PM:','7:30',6),(572,9,'header','Location','',0),(573,9,'text','Address:','',1),(574,9,'text','City, State, Zip:','',2),(575,9,'header','Services','',3),(576,9,'text','Sunday School:','9:45 AM',4),(577,9,'text','Sunday Services:','10:45 AM; 6:00 PM',5),(578,9,'header','Contact Info:','',7),(579,9,'email','Email:','',8),(580,9,'url','Web Site:','',9),(581,9,'text','Wednesday PM:','7:30',6),(582,2,'header','Location','',0),(583,2,'text','Address:','',1),(584,2,'text','City, State, Zip:','',2),(585,2,'header','Services','',3),(586,2,'text','Sunday School:','9:45 AM',4),(587,2,'text','Sunday Services:','10:45 AM; 6:00 PM',5),(588,2,'header','Contact Info:','',7),(589,2,'email','Email:','',8),(590,2,'url','Web Site:','',9),(591,2,'text','Wednesday PM:','7:30',6),(592,5,'header','Location','',0),(593,5,'text','Address:','',1),(594,5,'text','City, State, Zip:','',2),(595,5,'header','Services','',3),(596,5,'text','Sunday School:','9:45 AM',4),(597,5,'text','Sunday Services:','10:45 AM; 6:00 PM',5),(598,5,'header','Contact Info:','',7),(599,5,'email','Email:','',8),(600,5,'url','Web Site:','',9),(601,5,'text','Wednesday PM:','7:30',6),(602,4,'header','Location','',0),(603,4,'text','Address:','',1),(604,4,'text','City, State, Zip:','',2),(605,4,'header','Services','',3),(606,4,'text','Sunday School:','9:45 AM',4),(607,4,'text','Sunday Services:','10:45 AM; 6:00 PM',5),(608,4,'header','Contact Info:','',7),(609,4,'email','Email:','',8),(610,4,'url','Web Site:','',9),(611,4,'text','Wednesday PM:','7:30',6),(612,9,'header','Location','',0),(613,9,'text','Address:','',1),(614,9,'text','City, State, Zip:','',2),(615,9,'header','Services','',3),(616,9,'text','Sunday School:','9:45 AM',4),(617,9,'text','Sunday Services:','10:45 AM; 6:00 PM',5),(618,9,'header','Contact Info:','',7),(619,9,'email','Email:','',8),(620,9,'url','Web Site:','',9),(621,9,'text','Wednesday PM:','7:30',6),(622,5,'header','Location','',0),(623,5,'text','Address:','',1),(624,5,'text','City, State, Zip:','',2),(625,5,'header','Services','',3),(626,5,'text','Sunday School:','9:45 AM',4),(627,5,'text','Sunday Services:','10:45 AM; 6:00 PM',5),(628,5,'header','Contact Info:','',7),(629,5,'email','Email:','',8),(630,5,'url','Web Site:','',9),(631,5,'text','Wednesday PM:','7:30',6),(632,4,'header','Location','',0),(633,4,'text','Address:','',1),(634,4,'text','City, State, Zip:','',2),(635,4,'header','Services','',3),(636,4,'text','Sunday School:','9:45 AM',4),(637,4,'text','Sunday Services:','10:45 AM; 6:00 PM',5),(638,4,'header','Contact Info:','',7),(639,4,'email','Email:','',8),(640,4,'url','Web Site:','',9),(641,4,'text','Wednesday PM:','7:30',6),(642,9,'header','Location','',0),(643,9,'text','Address:','',1),(644,9,'text','City, State, Zip:','',2),(645,9,'header','Services','',3),(646,9,'text','Sunday School:','9:45 AM',4),(647,9,'text','Sunday Services:','10:45 AM; 6:00 PM',5),(648,9,'header','Contact Info:','',7),(649,9,'email','Email:','',8),(650,9,'url','Web Site:','',9),(651,9,'text','Wednesday PM:','7:30',6),(652,2,'header','Location','',0),(653,2,'text','Address:','',1),(654,2,'text','City, State, Zip:','',2),(655,2,'header','Services','',3),(656,2,'text','Sunday School:','9:45 AM',4),(657,2,'text','Sunday Services:','10:45 AM; 6:00 PM',5),(658,2,'header','Contact Info:','',7),(659,2,'email','Email:','',8),(660,2,'url','Web Site:','',9),(661,2,'text','Wednesday PM:','7:30',6),(662,5,'header','Location','',0),(663,5,'text','Address:','',1),(664,5,'text','City, State, Zip:','',2),(665,5,'header','Services','',3),(666,5,'text','Sunday School:','9:45 AM',4),(667,5,'text','Sunday Services:','10:45 AM; 6:00 PM',5),(668,5,'header','Contact Info:','',7),(669,5,'email','Email:','',8),(670,5,'url','Web Site:','',9),(671,5,'text','Wednesday PM:','7:30',6),(672,3,'header','Location','',0),(673,3,'text','Address:','',1),(674,3,'text','City, State, Zip:','',2),(675,3,'header','Services','',3),(676,3,'text','Sunday School:','9:45 AM',4),(677,3,'text','Sunday Services:','10:45 AM; 6:00 PM',5),(678,3,'header','Contact Info:','',7),(679,3,'email','Email:','',8),(680,3,'url','Web Site:','',9),(681,3,'text','Wednesday PM:','7:30',6),(682,4,'header','Location','',0),(683,4,'text','Address:','',1),(684,4,'text','City, State, Zip:','',2),(685,4,'header','Services','',3),(686,4,'text','Sunday School:','9:45 AM',4),(687,4,'text','Sunday Services:','10:45 AM; 6:00 PM',5),(688,4,'header','Contact Info:','',7),(689,4,'email','Email:','',8),(690,4,'url','Web Site:','',9),(691,4,'text','Wednesday PM:','7:30',6),(692,9,'header','Location','',0),(693,9,'text','Address:','',1),(694,9,'text','City, State, Zip:','',2),(695,9,'header','Services','',3),(696,9,'text','Sunday School:','9:45 AM',4),(697,9,'text','Sunday Services:','10:45 AM; 6:00 PM',5),(698,9,'header','Contact Info:','',7),(699,9,'email','Email:','',8),(700,9,'url','Web Site:','',9),(701,9,'text','Wednesday PM:','7:30',6),(702,1,'header','Location','',0),(703,1,'text','Address:','',1),(704,1,'text','City, State, Zip:','',2),(705,1,'header','Services','',3),(706,1,'text','Sunday School:','9:45 AM',4),(707,1,'text','Sunday Services:','10:45 AM; 6:00 PM',5),(708,1,'header','Contact Info:','',7),(709,1,'email','Email:','',8),(710,1,'url','Web Site:','',9),(711,1,'text','Wednesday PM:','7:30',6),(712,8,'header','Location','',0),(713,8,'text','Address:','',1),(714,8,'text','City, State, Zip:','',2),(715,8,'header','Services','',3),(716,8,'text','Sunday School:','9:45 AM',4),(717,8,'text','Sunday Services:','10:45 AM; 6:00 PM',5),(718,8,'header','Contact Info:','',7),(719,8,'email','Email:','',8),(720,8,'url','Web Site:','',9),(721,8,'text','Wednesday PM:','7:30',6),(722,2,'header','Location','',0),(723,2,'text','Address:','',1),(724,2,'text','City, State, Zip:','',2),(725,2,'header','Services','',3),(726,2,'text','Sunday School:','9:45 AM',4),(727,2,'text','Sunday Services:','10:45 AM; 6:00 PM',5),(728,2,'header','Contact Info:','',7),(729,2,'email','Email:','',8),(730,2,'url','Web Site:','',9),(731,2,'text','Wednesday PM:','7:30',6),(732,7,'header','Location','',0),(733,7,'text','Address:','',1),(734,7,'text','City, State, Zip:','',2),(735,7,'header','Services','',3),(736,7,'text','Sunday School:','9:45 AM',4),(737,7,'text','Sunday Services:','10:45 AM; 6:00 PM',5),(738,7,'header','Contact Info:','',7),(739,7,'email','Email:','',8),(740,7,'url','Web Site:','',9),(741,7,'text','Wednesday PM:','7:30',6),(742,5,'header','Location','',0),(743,5,'text','Address:','',1),(744,5,'text','City, State, Zip:','',2),(745,5,'header','Services','',3),(746,5,'text','Sunday School:','9:45 AM',4),(747,5,'text','Sunday Services:','10:45 AM; 6:00 PM',5),(748,5,'header','Contact Info:','',7),(749,5,'email','Email:','',8),(750,5,'url','Web Site:','',9),(751,5,'text','Wednesday PM:','7:30',6),(752,3,'header','Location','',0),(753,3,'text','Address:','',1),(754,3,'text','City, State, Zip:','',2),(755,3,'header','Services','',3),(756,3,'text','Sunday School:','9:45 AM',4),(757,3,'text','Sunday Services:','10:45 AM; 6:00 PM',5),(758,3,'header','Contact Info:','',7),(759,3,'email','Email:','',8),(760,3,'url','Web Site:','',9),(761,3,'text','Wednesday PM:','7:30',6),(762,4,'header','Location','',0),(763,4,'text','Address:','',1),(764,4,'text','City, State, Zip:','',2),(765,4,'header','Services','',3),(766,4,'text','Sunday School:','9:45 AM',4),(767,4,'text','Sunday Services:','10:45 AM; 6:00 PM',5),(768,4,'header','Contact Info:','',7),(769,4,'email','Email:','',8),(770,4,'url','Web Site:','',9),(771,4,'text','Wednesday PM:','7:30',6),(772,9,'header','Location','',0),(773,9,'text','Address:','',1),(774,9,'text','City, State, Zip:','',2),(775,9,'header','Services','',3),(776,9,'text','Sunday School:','9:45 AM',4),(777,9,'text','Sunday Services:','10:45 AM; 6:00 PM',5),(778,9,'header','Contact Info:','',7),(779,9,'email','Email:','',8),(780,9,'url','Web Site:','',9),(781,9,'text','Wednesday PM:','7:30',6),(782,1,'header','Location','',0),(783,1,'text','Address:','',1),(784,1,'text','City, State, Zip:','',2),(785,1,'header','Services','',3),(786,1,'text','Sunday School:','9:45 AM',4),(787,1,'text','Sunday Services:','10:45 AM; 6:00 PM',5),(788,1,'header','Contact Info:','',7),(789,1,'email','Email:','',8),(790,1,'url','Web Site:','',9),(791,1,'text','Wednesday PM:','7:30',6),(792,8,'header','Location','',0),(793,8,'text','Address:','',1),(794,8,'text','City, State, Zip:','',2),(795,8,'header','Services','',3),(796,8,'text','Sunday School:','9:45 AM',4),(797,8,'text','Sunday Services:','10:45 AM; 6:00 PM',5),(798,8,'header','Contact Info:','',7),(799,8,'email','Email:','',8),(800,8,'url','Web Site:','',9),(801,8,'text','Wednesday PM:','7:30',6),(802,2,'header','Location','',0),(803,2,'text','Address:','',1),(804,2,'text','City, State, Zip:','',2),(805,2,'header','Services','',3),(806,2,'text','Sunday School:','9:45 AM',4),(807,2,'text','Sunday Services:','10:45 AM; 6:00 PM',5),(808,2,'header','Contact Info:','',7),(809,2,'email','Email:','',8),(810,2,'url','Web Site:','',9),(811,2,'text','Wednesday PM:','7:30',6),(812,7,'header','Location','',0),(813,7,'text','Address:','',1),(814,7,'text','City, State, Zip:','',2),(815,7,'header','Services','',3),(816,7,'text','Sunday School:','9:45 AM',4),(817,7,'text','Sunday Services:','10:45 AM; 6:00 PM',5),(818,7,'header','Contact Info:','',7),(819,7,'email','Email:','',8),(820,7,'url','Web Site:','',9),(821,7,'text','Wednesday PM:','7:30',6),(822,5,'header','Location','',0),(823,5,'text','Address:','',1),(824,5,'text','City, State, Zip:','',2),(825,5,'header','Services','',3),(826,5,'text','Sunday School:','9:45 AM',4),(827,5,'text','Sunday Services:','10:45 AM; 6:00 PM',5),(828,5,'header','Contact Info:','',7),(829,5,'email','Email:','',8),(830,5,'url','Web Site:','',9),(831,5,'text','Wednesday PM:','7:30',6),(832,6,'header','Location','',0),(833,6,'text','Address:','',1),(834,6,'text','City, State, Zip:','',2),(835,6,'header','Services','',3),(836,6,'text','Sunday School:','9:45 AM',4),(837,6,'text','Sunday Services:','10:45 AM; 6:00 PM',5),(838,6,'header','Contact Info:','',7),(839,6,'email','Email:','',8),(840,6,'url','Web Site:','',9),(841,6,'text','Wednesday PM:','7:30',6),(842,3,'header','Location','',0),(843,3,'text','Address:','',1),(844,3,'text','City, State, Zip:','',2),(845,3,'header','Services','',3),(846,3,'text','Sunday School:','9:45 AM',4),(847,3,'text','Sunday Services:','10:45 AM; 6:00 PM',5),(848,3,'header','Contact Info:','',7),(849,3,'email','Email:','',8),(850,3,'url','Web Site:','',9),(851,3,'text','Wednesday PM:','7:30',6),(852,4,'header','Location','',0),(853,4,'text','Address:','',1),(854,4,'text','City, State, Zip:','',2),(855,4,'header','Services','',3),(856,4,'text','Sunday School:','9:45 AM',4),(857,4,'text','Sunday Services:','10:45 AM; 6:00 PM',5),(858,4,'header','Contact Info:','',7),(859,4,'email','Email:','',8),(860,4,'url','Web Site:','',9),(861,4,'text','Wednesday PM:','7:30',6),(862,9,'header','Location','',0),(863,9,'text','Address:','',1),(864,9,'text','City, State, Zip:','',2),(865,9,'header','Services','',3),(866,9,'text','Sunday School:','9:45 AM',4),(867,9,'text','Sunday Services:','10:45 AM; 6:00 PM',5),(868,9,'header','Contact Info:','',7),(869,9,'email','Email:','',8),(870,9,'url','Web Site:','',9),(871,9,'text','Wednesday PM:','7:30',6),(872,1,'header','Location','',0),(873,1,'text','Address:','',1),(874,1,'text','City, State, Zip:','',2),(875,1,'header','Services','',3),(876,1,'text','Sunday School:','9:45 AM',4),(877,1,'text','Sunday Services:','10:45 AM; 6:00 PM',5),(878,1,'header','Contact Info:','',7),(879,1,'email','Email:','',8),(880,1,'url','Web Site:','',9),(881,1,'text','Wednesday PM:','7:30',6),(882,2,'header','Location','',0),(883,2,'text','Address:','',1),(884,2,'text','City, State, Zip:','',2),(885,2,'header','Services','',3),(886,2,'text','Sunday School:','9:45 AM',4),(887,2,'text','Sunday Services:','10:45 AM; 6:00 PM',5),(888,2,'header','Contact Info:','',7),(889,2,'email','Email:','',8),(890,2,'url','Web Site:','',9),(891,2,'text','Wednesday PM:','7:30',6),(892,7,'header','Location','',0),(893,7,'text','Address:','',1),(894,7,'text','City, State, Zip:','',2),(895,7,'header','Services','',3),(896,7,'text','Sunday School:','9:45 AM',4),(897,7,'text','Sunday Services:','10:45 AM; 6:00 PM',5),(898,7,'header','Contact Info:','',7),(899,7,'email','Email:','',8),(900,7,'url','Web Site:','',9),(901,7,'text','Wednesday PM:','7:30',6),(902,5,'header','Location','',0),(903,5,'text','Address:','',1),(904,5,'text','City, State, Zip:','',2),(905,5,'header','Services','',3),(906,5,'text','Sunday School:','9:45 AM',4),(907,5,'text','Sunday Services:','10:45 AM; 6:00 PM',5),(908,5,'header','Contact Info:','',7),(909,5,'email','Email:','',8),(910,5,'url','Web Site:','',9),(911,5,'text','Wednesday PM:','7:30',6),(912,6,'header','Location','',0),(913,6,'text','Address:','',1),(914,6,'text','City, State, Zip:','',2),(915,6,'header','Services','',3),(916,6,'text','Sunday School:','9:45 AM',4),(917,6,'text','Sunday Services:','10:45 AM; 6:00 PM',5),(918,6,'header','Contact Info:','',7),(919,6,'email','Email:','',8),(920,6,'url','Web Site:','',9),(921,6,'text','Wednesday PM:','7:30',6),(922,3,'header','Location','',0),(923,3,'text','Address:','',1),(924,3,'text','City, State, Zip:','',2),(925,3,'header','Services','',3),(926,3,'text','Sunday School:','9:45 AM',4),(927,3,'text','Sunday Services:','10:45 AM; 6:00 PM',5),(928,3,'header','Contact Info:','',7),(929,3,'email','Email:','',8),(930,3,'url','Web Site:','',9),(931,3,'text','Wednesday PM:','7:30',6),(932,4,'header','Location','',0),(933,4,'text','Address:','',1),(934,4,'text','City, State, Zip:','',2),(935,4,'header','Services','',3),(936,4,'text','Sunday School:','9:45 AM',4),(937,4,'text','Sunday Services:','10:45 AM; 6:00 PM',5),(938,4,'header','Contact Info:','',7),(939,4,'email','Email:','',8),(940,4,'url','Web Site:','',9),(941,4,'text','Wednesday PM:','7:30',6),(942,9,'header','Location','',0),(943,9,'text','Address:','',1),(944,9,'text','City, State, Zip:','',2),(945,9,'header','Services','',3),(946,9,'text','Sunday School:','9:45 AM',4),(947,9,'text','Sunday Services:','10:45 AM; 6:00 PM',5),(948,9,'header','Contact Info:','',7),(949,9,'email','Email:','',8),(950,9,'url','Web Site:','',9),(951,9,'text','Wednesday PM:','7:30',6),(952,1,'header','Location','',0),(953,1,'text','Address:','',1),(954,1,'text','City, State, Zip:','',2),(955,1,'header','Services','',3),(956,1,'text','Sunday School:','9:45 AM',4),(957,1,'text','Sunday Services:','10:45 AM; 6:00 PM',5),(958,1,'header','Contact Info:','',7),(959,1,'email','Email:','',8),(960,1,'url','Web Site:','',9),(961,1,'text','Wednesday PM:','7:30',6),(962,8,'header','Location','',0),(963,8,'text','Address:','',1),(964,8,'text','City, State, Zip:','',2),(965,8,'header','Services','',3),(966,8,'text','Sunday School:','9:45 AM',4),(967,8,'text','Sunday Services:','10:45 AM; 6:00 PM',5),(968,8,'header','Contact Info:','',7),(969,8,'email','Email:','',8),(970,8,'url','Web Site:','',9),(971,8,'text','Wednesday PM:','7:30',6),(972,2,'header','Location','',0),(973,2,'text','Address:','',1),(974,2,'text','City, State, Zip:','',2),(975,2,'header','Services','',3),(976,2,'text','Sunday School:','9:45 AM',4),(977,2,'text','Sunday Services:','10:45 AM; 6:00 PM',5),(978,2,'header','Contact Info:','',7),(979,2,'email','Email:','',8),(980,2,'url','Web Site:','',9),(981,2,'text','Wednesday PM:','7:30',6),(982,7,'header','Location','',0),(983,7,'text','Address:','',1),(984,7,'text','City, State, Zip:','',2),(985,7,'header','Services','',3),(986,7,'text','Sunday School:','9:45 AM',4),(987,7,'text','Sunday Services:','10:45 AM; 6:00 PM',5),(988,7,'header','Contact Info:','',7),(989,7,'email','Email:','',8),(990,7,'url','Web Site:','',9),(991,7,'text','Wednesday PM:','7:30',6),(992,5,'header','Location','',0),(993,5,'text','Address:','',1),(994,5,'text','City, State, Zip:','',2),(995,5,'header','Services','',3),(996,5,'text','Sunday School:','9:45 AM',4),(997,5,'text','Sunday Services:','10:45 AM; 6:00 PM',5),(998,5,'header','Contact Info:','',7),(999,5,'email','Email:','',8),(1000,5,'url','Web Site:','',9),(1001,5,'text','Wednesday PM:','7:30',6),(1002,4,'header','Location','',0),(1003,4,'text','Address:','',1),(1004,4,'text','City, State, Zip:','',2),(1005,4,'header','Services','',3),(1006,4,'text','Sunday School:','9:45 AM',4),(1007,4,'text','Sunday Services:','10:45 AM; 6:00 PM',5),(1008,4,'header','Contact Info:','',7),(1009,4,'email','Email:','',8),(1010,4,'url','Web Site:','',9),(1011,4,'text','Wednesday PM:','7:30',6),(1012,9,'header','Location','',0),(1013,9,'text','Address:','',1),(1014,9,'text','City, State, Zip:','',2),(1015,9,'header','Services','',3),(1016,9,'text','Sunday School:','9:45 AM',4),(1017,9,'text','Sunday Services:','10:45 AM; 6:00 PM',5),(1018,9,'header','Contact Info:','',7),(1019,9,'email','Email:','',8),(1020,9,'url','Web Site:','',9),(1021,9,'text','Wednesday PM:','7:30',6),(1022,1,'header','Location','',0),(1023,1,'text','Address:','',1),(1024,1,'text','City, State, Zip:','',2),(1025,1,'header','Services','',3),(1026,1,'text','Sunday School:','9:45 AM',4),(1027,1,'text','Sunday Services:','10:45 AM; 6:00 PM',5),(1028,1,'header','Contact Info:','',7),(1029,1,'email','Email:','',8),(1030,1,'url','Web Site:','',9),(1031,1,'text','Wednesday PM:','7:30',6),(1032,8,'header','Location','',0),(1033,8,'text','Address:','',1),(1034,8,'text','City, State, Zip:','',2),(1035,8,'header','Services','',3),(1036,8,'text','Sunday School:','9:45 AM',4),(1037,8,'text','Sunday Services:','10:45 AM; 6:00 PM',5),(1038,8,'header','Contact Info:','',7),(1039,8,'email','Email:','',8),(1040,8,'url','Web Site:','',9),(1041,8,'text','Wednesday PM:','7:30',6),(1042,2,'header','Location','',0),(1043,2,'text','Address:','',1),(1044,2,'text','City, State, Zip:','',2),(1045,2,'header','Services','',3),(1046,2,'text','Sunday School:','9:45 AM',4),(1047,2,'text','Sunday Services:','10:45 AM; 6:00 PM',5),(1048,2,'header','Contact Info:','',7),(1049,2,'email','Email:','',8),(1050,2,'url','Web Site:','',9),(1051,2,'text','Wednesday PM:','7:30',6),(1052,7,'header','Location','',0),(1053,7,'text','Address:','',1),(1054,7,'text','City, State, Zip:','',2),(1055,7,'header','Services','',3),(1056,7,'text','Sunday School:','9:45 AM',4),(1057,7,'text','Sunday Services:','10:45 AM; 6:00 PM',5),(1058,7,'header','Contact Info:','',7),(1059,7,'email','Email:','',8),(1060,7,'url','Web Site:','',9),(1061,7,'text','Wednesday PM:','7:30',6),(1062,5,'header','Location','',0),(1063,5,'text','Address:','',1),(1064,5,'text','City, State, Zip:','',2),(1065,5,'header','Services','',3),(1066,5,'text','Sunday School:','9:45 AM',4),(1067,5,'text','Sunday Services:','10:45 AM; 6:00 PM',5),(1068,5,'header','Contact Info:','',7),(1069,5,'email','Email:','',8),(1070,5,'url','Web Site:','',9),(1071,5,'text','Wednesday PM:','7:30',6),(1072,6,'header','Location','',0),(1073,6,'text','Address:','',1),(1074,6,'text','City, State, Zip:','',2),(1075,6,'header','Services','',3),(1076,6,'text','Sunday School:','9:45 AM',4),(1077,6,'text','Sunday Services:','10:45 AM; 6:00 PM',5),(1078,6,'header','Contact Info:','',7),(1079,6,'email','Email:','',8),(1080,6,'url','Web Site:','',9),(1081,6,'text','Wednesday PM:','7:30',6),(1082,3,'header','Location','',0),(1083,3,'text','Address:','',1),(1084,3,'text','City, State, Zip:','',2),(1085,3,'header','Services','',3),(1086,3,'text','Sunday School:','9:45 AM',4),(1087,3,'text','Sunday Services:','10:45 AM; 6:00 PM',5),(1088,3,'header','Contact Info:','',7),(1089,3,'email','Email:','',8),(1090,3,'url','Web Site:','',9),(1091,3,'text','Wednesday PM:','7:30',6),(1092,4,'header','Location','',0),(1093,4,'text','Address:','',1),(1094,4,'text','City, State, Zip:','',2),(1095,4,'header','Services','',3),(1096,4,'text','Sunday School:','9:45 AM',4),(1097,4,'text','Sunday Services:','10:45 AM; 6:00 PM',5),(1098,4,'header','Contact Info:','',7),(1099,4,'email','Email:','',8),(1100,4,'url','Web Site:','',9),(1101,4,'text','Wednesday PM:','7:30',6),(1102,9,'header','Location','',0),(1103,9,'text','Address:','',1),(1104,9,'text','City, State, Zip:','',2),(1105,9,'header','Services','',3),(1106,9,'text','Sunday School:','9:45 AM',4),(1107,9,'text','Sunday Services:','10:45 AM; 6:00 PM',5),(1108,9,'header','Contact Info:','',7),(1109,9,'email','Email:','',8),(1110,9,'url','Web Site:','',9),(1111,9,'text','Wednesday PM:','7:30',6),(1112,2,'header','Location','',0),(1113,2,'text','Address:','',1),(1114,2,'text','City, State, Zip:','',2),(1115,2,'header','Services','',3),(1116,2,'text','Sunday School:','9:45 AM',4),(1117,2,'text','Sunday Services:','10:45 AM; 6:00 PM',5),(1118,2,'header','Contact Info:','',7),(1119,2,'email','Email:','',8),(1120,2,'url','Web Site:','',9),(1121,2,'text','Wednesday PM:','7:30',6),(1122,7,'header','Location','',0),(1123,7,'text','Address:','',1),(1124,7,'text','City, State, Zip:','',2),(1125,7,'header','Services','',3),(1126,7,'text','Sunday School:','9:45 AM',4),(1127,7,'text','Sunday Services:','10:45 AM; 6:00 PM',5),(1128,7,'header','Contact Info:','',7),(1129,7,'email','Email:','',8),(1130,7,'url','Web Site:','',9),(1131,7,'text','Wednesday PM:','7:30',6),(1132,5,'header','Location','',0),(1133,5,'text','Address:','',1),(1134,5,'text','City, State, Zip:','',2),(1135,5,'header','Services','',3),(1136,5,'text','Sunday School:','9:45 AM',4),(1137,5,'text','Sunday Services:','10:45 AM; 6:00 PM',5),(1138,5,'header','Contact Info:','',7),(1139,5,'email','Email:','',8),(1140,5,'url','Web Site:','',9),(1141,5,'text','Wednesday PM:','7:30',6),(1142,6,'header','Location','',0),(1143,6,'text','Address:','',1),(1144,6,'text','City, State, Zip:','',2),(1145,6,'header','Services','',3),(1146,6,'text','Sunday School:','9:45 AM',4),(1147,6,'text','Sunday Services:','10:45 AM; 6:00 PM',5),(1148,6,'header','Contact Info:','',7),(1149,6,'email','Email:','',8),(1150,6,'url','Web Site:','',9),(1151,6,'text','Wednesday PM:','7:30',6),(1152,3,'header','Location','',0),(1153,3,'text','Address:','',1),(1154,3,'text','City, State, Zip:','',2),(1155,3,'header','Services','',3),(1156,3,'text','Sunday School:','9:45 AM',4),(1157,3,'text','Sunday Services:','10:45 AM; 6:00 PM',5),(1158,3,'header','Contact Info:','',7),(1159,3,'email','Email:','',8),(1160,3,'url','Web Site:','',9),(1161,3,'text','Wednesday PM:','7:30',6),(1162,4,'header','Location','',0),(1163,4,'text','Address:','',1),(1164,4,'text','City, State, Zip:','',2),(1165,4,'header','Services','',3),(1166,4,'text','Sunday School:','9:45 AM',4),(1167,4,'text','Sunday Services:','10:45 AM; 6:00 PM',5),(1168,4,'header','Contact Info:','',7),(1169,4,'email','Email:','',8),(1170,4,'url','Web Site:','',9),(1171,4,'text','Wednesday PM:','7:30',6),(1172,9,'header','Location','',0),(1173,9,'text','Address:','',1),(1174,9,'text','City, State, Zip:','',2),(1175,9,'header','Services','',3),(1176,9,'text','Sunday School:','9:45 AM',4),(1177,9,'text','Sunday Services:','10:45 AM; 6:00 PM',5),(1178,9,'header','Contact Info:','',7),(1179,9,'email','Email:','',8),(1180,9,'url','Web Site:','',9),(1181,9,'text','Wednesday PM:','7:30',6),(1182,1,'header','Location','',0),(1183,1,'text','Address:','',1),(1184,1,'text','City, State, Zip:','',2),(1185,1,'header','Services','',3),(1186,1,'text','Sunday School:','9:45 AM',4),(1187,1,'text','Sunday Services:','10:45 AM; 6:00 PM',5),(1188,1,'header','Contact Info:','',7),(1189,1,'email','Email:','',8),(1190,1,'url','Web Site:','',9),(1191,1,'text','Wednesday PM:','7:30',6),(1192,2,'header','Location','',0),(1193,2,'text','Address:','',1),(1194,2,'text','City, State, Zip:','',2),(1195,2,'header','Services','',3),(1196,2,'text','Sunday School:','9:45 AM',4),(1197,2,'text','Sunday Services:','10:45 AM; 6:00 PM',5),(1198,2,'header','Contact Info:','',7),(1199,2,'email','Email:','',8),(1200,2,'url','Web Site:','',9),(1201,2,'text','Wednesday PM:','7:30',6),(1202,7,'header','Location','',0),(1203,7,'text','Address:','',1),(1204,7,'text','City, State, Zip:','',2),(1205,7,'header','Services','',3),(1206,7,'text','Sunday School:','9:45 AM',4),(1207,7,'text','Sunday Services:','10:45 AM; 6:00 PM',5),(1208,7,'header','Contact Info:','',7),(1209,7,'email','Email:','',8),(1210,7,'url','Web Site:','',9),(1211,7,'text','Wednesday PM:','7:30',6),(1212,5,'header','Location','',0),(1213,5,'text','Address:','',1),(1214,5,'text','City, State, Zip:','',2),(1215,5,'header','Services','',3),(1216,5,'text','Sunday School:','9:45 AM',4),(1217,5,'text','Sunday Services:','10:45 AM; 6:00 PM',5),(1218,5,'header','Contact Info:','',7),(1219,5,'email','Email:','',8),(1220,5,'url','Web Site:','',9),(1221,5,'text','Wednesday PM:','7:30',6),(1222,6,'header','Location','',0),(1223,6,'text','Address:','',1),(1224,6,'text','City, State, Zip:','',2),(1225,6,'header','Services','',3),(1226,6,'text','Sunday School:','9:45 AM',4),(1227,6,'text','Sunday Services:','10:45 AM; 6:00 PM',5),(1228,6,'header','Contact Info:','',7),(1229,6,'email','Email:','',8),(1230,6,'url','Web Site:','',9),(1231,6,'text','Wednesday PM:','7:30',6),(1232,3,'header','Location','',0),(1233,3,'text','Address:','',1),(1234,3,'text','City, State, Zip:','',2),(1235,3,'header','Services','',3),(1236,3,'text','Sunday School:','9:45 AM',4),(1237,3,'text','Sunday Services:','10:45 AM; 6:00 PM',5),(1238,3,'header','Contact Info:','',7),(1239,3,'email','Email:','',8),(1240,3,'url','Web Site:','',9),(1241,3,'text','Wednesday PM:','7:30',6),(1242,4,'header','Location','',0),(1243,4,'text','Address:','',1),(1244,4,'text','City, State, Zip:','',2),(1245,4,'header','Services','',3),(1246,4,'text','Sunday School:','9:45 AM',4),(1247,4,'text','Sunday Services:','10:45 AM; 6:00 PM',5),(1248,4,'header','Contact Info:','',7),(1249,4,'email','Email:','',8),(1250,4,'url','Web Site:','',9),(1251,4,'text','Wednesday PM:','7:30',6),(1252,9,'header','Location','',0),(1253,9,'text','Address:','',1),(1254,9,'text','City, State, Zip:','',2),(1255,9,'header','Services','',3),(1256,9,'text','Sunday School:','9:45 AM',4),(1257,9,'text','Sunday Services:','10:45 AM; 6:00 PM',5),(1258,9,'header','Contact Info:','',7),(1259,9,'email','Email:','',8),(1260,9,'url','Web Site:','',9),(1261,9,'text','Wednesday PM:','7:30',6),(1262,2,'header','Location','',0),(1263,2,'text','Address:','',1),(1264,2,'text','City, State, Zip:','',2),(1265,2,'header','Services','',3),(1266,2,'text','Sunday School:','9:45 AM',4),(1267,2,'text','Sunday Services:','10:45 AM; 6:00 PM',5),(1268,2,'header','Contact Info:','',7),(1269,2,'email','Email:','',8),(1270,2,'url','Web Site:','',9),(1271,2,'text','Wednesday PM:','7:30',6),(1272,7,'header','Location','',0),(1273,7,'text','Address:','',1),(1274,7,'text','City, State, Zip:','',2),(1275,7,'header','Services','',3),(1276,7,'text','Sunday School:','9:45 AM',4),(1277,7,'text','Sunday Services:','10:45 AM; 6:00 PM',5),(1278,7,'header','Contact Info:','',7),(1279,7,'email','Email:','',8),(1280,7,'url','Web Site:','',9),(1281,7,'text','Wednesday PM:','7:30',6),(1282,5,'header','Location','',0),(1283,5,'text','Address:','',1),(1284,5,'text','City, State, Zip:','',2),(1285,5,'header','Services','',3),(1286,5,'text','Sunday School:','9:45 AM',4),(1287,5,'text','Sunday Services:','10:45 AM; 6:00 PM',5),(1288,5,'header','Contact Info:','',7),(1289,5,'email','Email:','',8),(1290,5,'url','Web Site:','',9),(1291,5,'text','Wednesday PM:','7:30',6),(1292,6,'header','Location','',0),(1293,6,'text','Address:','',1),(1294,6,'text','City, State, Zip:','',2),(1295,6,'header','Services','',3),(1296,6,'text','Sunday School:','9:45 AM',4),(1297,6,'text','Sunday Services:','10:45 AM; 6:00 PM',5),(1298,6,'header','Contact Info:','',7),(1299,6,'email','Email:','',8),(1300,6,'url','Web Site:','',9),(1301,6,'text','Wednesday PM:','7:30',6),(1302,3,'header','Location','',0),(1303,3,'text','Address:','',1),(1304,3,'text','City, State, Zip:','',2),(1305,3,'header','Services','',3),(1306,3,'text','Sunday School:','9:45 AM',4),(1307,3,'text','Sunday Services:','10:45 AM; 6:00 PM',5),(1308,3,'header','Contact Info:','',7),(1309,3,'email','Email:','',8),(1310,3,'url','Web Site:','',9),(1311,3,'text','Wednesday PM:','7:30',6),(1312,4,'header','Location','',0),(1313,4,'text','Address:','',1),(1314,4,'text','City, State, Zip:','',2),(1315,4,'header','Services','',3),(1316,4,'text','Sunday School:','9:45 AM',4),(1317,4,'text','Sunday Services:','10:45 AM; 6:00 PM',5),(1318,4,'header','Contact Info:','',7),(1319,4,'email','Email:','',8),(1320,4,'url','Web Site:','',9),(1321,4,'text','Wednesday PM:','7:30',6),(1322,9,'header','Location','',0),(1323,9,'text','Address:','',1),(1324,9,'text','City, State, Zip:','',2),(1325,9,'header','Services','',3),(1326,9,'text','Sunday School:','9:45 AM',4),(1327,9,'text','Sunday Services:','10:45 AM; 6:00 PM',5),(1328,9,'header','Contact Info:','',7),(1329,9,'email','Email:','',8),(1330,9,'url','Web Site:','',9),(1331,9,'text','Wednesday PM:','7:30',6),(1332,2,'header','Location','',0),(1333,2,'text','Address:','',1),(1334,2,'text','City, State, Zip:','',2),(1335,2,'header','Services','',3),(1336,2,'text','Sunday School:','9:45 AM',4),(1337,2,'text','Sunday Services:','10:45 AM; 6:00 PM',5),(1338,2,'header','Contact Info:','',7),(1339,2,'email','Email:','',8),(1340,2,'url','Web Site:','',9),(1341,2,'text','Wednesday PM:','7:30',6),(1342,5,'header','Location','',0),(1343,5,'text','Address:','',1),(1344,5,'text','City, State, Zip:','',2),(1345,5,'header','Services','',3),(1346,5,'text','Sunday School:','9:45 AM',4),(1347,5,'text','Sunday Services:','10:45 AM; 6:00 PM',5),(1348,5,'header','Contact Info:','',7),(1349,5,'email','Email:','',8),(1350,5,'url','Web Site:','',9),(1351,5,'text','Wednesday PM:','7:30',6),(1352,3,'header','Location','',0),(1353,3,'text','Address:','',1),(1354,3,'text','City, State, Zip:','',2),(1355,3,'header','Services','',3),(1356,3,'text','Sunday School:','9:45 AM',4),(1357,3,'text','Sunday Services:','10:45 AM; 6:00 PM',5),(1358,3,'header','Contact Info:','',7),(1359,3,'email','Email:','',8),(1360,3,'url','Web Site:','',9),(1361,3,'text','Wednesday PM:','7:30',6),(1362,4,'header','Location','',0),(1363,4,'text','Address:','',1),(1364,4,'text','City, State, Zip:','',2),(1365,4,'header','Services','',3),(1366,4,'text','Sunday School:','9:45 AM',4),(1367,4,'text','Sunday Services:','10:45 AM; 6:00 PM',5),(1368,4,'header','Contact Info:','',7),(1369,4,'email','Email:','',8),(1370,4,'url','Web Site:','',9),(1371,4,'text','Wednesday PM:','7:30',6),(1372,2,'header','Location','',0),(1373,2,'text','Address:','',1),(1374,2,'text','City, State, Zip:','',2),(1375,2,'header','Services','',3),(1376,2,'text','Sunday School:','9:45 AM',4),(1377,2,'text','Sunday Services:','10:45 AM; 6:00 PM',5),(1378,2,'header','Contact Info:','',7),(1379,2,'email','Email:','',8),(1380,2,'url','Web Site:','',9),(1381,2,'text','Wednesday PM:','7:30',6),(1382,5,'header','Location','',0),(1383,5,'text','Address:','',1),(1384,5,'text','City, State, Zip:','',2),(1385,5,'header','Services','',3),(1386,5,'text','Sunday School:','9:45 AM',4),(1387,5,'text','Sunday Services:','10:45 AM; 6:00 PM',5),(1388,5,'header','Contact Info:','',7),(1389,5,'email','Email:','',8),(1390,5,'url','Web Site:','',9),(1391,5,'text','Wednesday PM:','7:30',6),(1392,4,'header','Location','',0),(1393,4,'text','Address:','',1),(1394,4,'text','City, State, Zip:','',2),(1395,4,'header','Services','',3),(1396,4,'text','Sunday School:','9:45 AM',4),(1397,4,'text','Sunday Services:','10:45 AM; 6:00 PM',5),(1398,4,'header','Contact Info:','',7),(1399,4,'email','Email:','',8),(1400,4,'url','Web Site:','',9),(1401,4,'text','Wednesday PM:','7:30',6),(1402,9,'header','Location','',0),(1403,9,'text','Address:','',1),(1404,9,'text','City, State, Zip:','',2),(1405,9,'header','Services','',3),(1406,9,'text','Sunday School:','9:45 AM',4),(1407,9,'text','Sunday Services:','10:45 AM; 6:00 PM',5),(1408,9,'header','Contact Info:','',7),(1409,9,'email','Email:','',8),(1410,9,'url','Web Site:','',9),(1411,9,'text','Wednesday PM:','7:30',6),(1412,4,'header','Location','',0),(1413,4,'text','Address:','',1),(1414,4,'text','City, State, Zip:','',2),(1415,4,'header','Services','',3),(1416,4,'text','Sunday School:','9:45 AM',4),(1417,4,'text','Sunday Services:','10:45 AM; 6:00 PM',5),(1418,4,'header','Contact Info:','',7),(1419,4,'email','Email:','',8),(1420,4,'url','Web Site:','',9),(1421,4,'text','Wednesday PM:','7:30',6),(1422,9,'header','Location','',0),(1423,9,'text','Address:','',1),(1424,9,'text','City, State, Zip:','',2),(1425,9,'header','Services','',3),(1426,9,'text','Sunday School:','9:45 AM',4),(1427,9,'text','Sunday Services:','10:45 AM; 6:00 PM',5),(1428,9,'header','Contact Info:','',7),(1429,9,'email','Email:','',8),(1430,9,'url','Web Site:','',9),(1431,9,'text','Wednesday PM:','7:30',6),(1432,2,'header','Location','',0),(1433,2,'text','Address:','',1),(1434,2,'text','City, State, Zip:','',2),(1435,2,'header','Services','',3),(1436,2,'text','Sunday School:','9:45 AM',4),(1437,2,'text','Sunday Services:','10:45 AM; 6:00 PM',5),(1438,2,'header','Contact Info:','',7),(1439,2,'email','Email:','',8),(1440,2,'url','Web Site:','',9),(1441,2,'text','Wednesday PM:','7:30',6),(1442,5,'header','Location','',0),(1443,5,'text','Address:','',1),(1444,5,'text','City, State, Zip:','',2),(1445,5,'header','Services','',3),(1446,5,'text','Sunday School:','9:45 AM',4),(1447,5,'text','Sunday Services:','10:45 AM; 6:00 PM',5),(1448,5,'header','Contact Info:','',7),(1449,5,'email','Email:','',8),(1450,5,'url','Web Site:','',9),(1451,5,'text','Wednesday PM:','7:30',6),(1452,4,'header','Location','',0),(1453,4,'text','Address:','',1),(1454,4,'text','City, State, Zip:','',2),(1455,4,'header','Services','',3),(1456,4,'text','Sunday School:','9:45 AM',4),(1457,4,'text','Sunday Services:','10:45 AM; 6:00 PM',5),(1458,4,'header','Contact Info:','',7),(1459,4,'email','Email:','',8),(1460,4,'url','Web Site:','',9),(1461,4,'text','Wednesday PM:','7:30',6),(1462,9,'header','Location','',0),(1463,9,'text','Address:','',1),(1464,9,'text','City, State, Zip:','',2),(1465,9,'header','Services','',3),(1466,9,'text','Sunday School:','9:45 AM',4),(1467,9,'text','Sunday Services:','10:45 AM; 6:00 PM',5),(1468,9,'header','Contact Info:','',7),(1469,9,'email','Email:','',8),(1470,9,'url','Web Site:','',9),(1471,9,'text','Wednesday PM:','7:30',6),(1472,2,'header','Location','',0),(1473,2,'text','Address:','',1),(1474,2,'text','City, State, Zip:','',2),(1475,2,'header','Services','',3),(1476,2,'text','Sunday School:','9:45 AM',4),(1477,2,'text','Sunday Services:','10:45 AM; 6:00 PM',5),(1478,2,'header','Contact Info:','',7),(1479,2,'email','Email:','',8),(1480,2,'url','Web Site:','',9),(1481,2,'text','Wednesday PM:','7:30',6),(1482,5,'header','Location','',0),(1483,5,'text','Address:','',1),(1484,5,'text','City, State, Zip:','',2),(1485,5,'header','Services','',3),(1486,5,'text','Sunday School:','9:45 AM',4),(1487,5,'text','Sunday Services:','10:45 AM; 6:00 PM',5),(1488,5,'header','Contact Info:','',7),(1489,5,'email','Email:','',8),(1490,5,'url','Web Site:','',9),(1491,5,'text','Wednesday PM:','7:30',6),(1492,4,'header','Location','',0),(1493,4,'text','Address:','',1),(1494,4,'text','City, State, Zip:','',2),(1495,4,'header','Services','',3),(1496,4,'text','Sunday School:','9:45 AM',4),(1497,4,'text','Sunday Services:','10:45 AM; 6:00 PM',5),(1498,4,'header','Contact Info:','',7),(1499,4,'email','Email:','',8),(1500,4,'url','Web Site:','',9),(1501,4,'text','Wednesday PM:','7:30',6),(1502,2,'header','Location','',0),(1503,2,'text','Address:','',1),(1504,2,'text','City, State, Zip:','',2),(1505,2,'header','Services','',3),(1506,2,'text','Sunday School:','9:45 AM',4),(1507,2,'text','Sunday Services:','10:45 AM; 6:00 PM',5),(1508,2,'header','Contact Info:','',7),(1509,2,'email','Email:','',8),(1510,2,'url','Web Site:','',9),(1511,2,'text','Wednesday PM:','7:30',6),(1512,7,'header','Location','',0),(1513,7,'text','Address:','',1),(1514,7,'text','City, State, Zip:','',2),(1515,7,'header','Services','',3),(1516,7,'text','Sunday School:','9:45 AM',4),(1517,7,'text','Sunday Services:','10:45 AM; 6:00 PM',5),(1518,7,'header','Contact Info:','',7),(1519,7,'email','Email:','',8),(1520,7,'url','Web Site:','',9),(1521,7,'text','Wednesday PM:','7:30',6),(1522,6,'header','Location','',0),(1523,6,'text','Address:','',1),(1524,6,'text','City, State, Zip:','',2),(1525,6,'header','Services','',3),(1526,6,'text','Sunday School:','9:45 AM',4),(1527,6,'text','Sunday Services:','10:45 AM; 6:00 PM',5),(1528,6,'header','Contact Info:','',7),(1529,6,'email','Email:','',8),(1530,6,'url','Web Site:','',9),(1531,6,'text','Wednesday PM:','7:30',6),(1532,5,'header','Location','',0),(1533,5,'text','Address:','',1),(1534,5,'text','City, State, Zip:','',2),(1535,5,'header','Services','',3),(1536,5,'text','Sunday School:','9:45 AM',4),(1537,5,'text','Sunday Services:','10:45 AM; 6:00 PM',5),(1538,5,'header','Contact Info:','',7),(1539,5,'email','Email:','',8),(1540,5,'url','Web Site:','',9),(1541,5,'text','Wednesday PM:','7:30',6),(1542,3,'header','Location','',0),(1543,3,'text','Address:','',1),(1544,3,'text','City, State, Zip:','',2),(1545,3,'header','Services','',3),(1546,3,'text','Sunday School:','9:45 AM',4),(1547,3,'text','Sunday Services:','10:45 AM; 6:00 PM',5),(1548,3,'header','Contact Info:','',7),(1549,3,'email','Email:','',8),(1550,3,'url','Web Site:','',9),(1551,3,'text','Wednesday PM:','7:30',6),(1552,4,'header','Location','',0),(1553,4,'text','Address:','',1),(1554,4,'text','City, State, Zip:','',2),(1555,4,'header','Services','',3),(1556,4,'text','Sunday School:','9:45 AM',4),(1557,4,'text','Sunday Services:','10:45 AM; 6:00 PM',5),(1558,4,'header','Contact Info:','',7),(1559,4,'email','Email:','',8),(1560,4,'url','Web Site:','',9),(1561,4,'text','Wednesday PM:','7:30',6),(1562,9,'header','Location','',0),(1563,9,'text','Address:','',1),(1564,9,'text','City, State, Zip:','',2),(1565,9,'header','Services','',3),(1566,9,'text','Sunday School:','9:45 AM',4),(1567,9,'text','Sunday Services:','10:45 AM; 6:00 PM',5),(1568,9,'header','Contact Info:','',7),(1569,9,'email','Email:','',8),(1570,9,'url','Web Site:','',9),(1571,9,'text','Wednesday PM:','7:30',6),(1572,2,'header','Location','',0),(1573,2,'text','Address:','',1),(1574,2,'text','City, State, Zip:','',2),(1575,2,'header','Services','',3),(1576,2,'text','Sunday School:','9:45 AM',4),(1577,2,'text','Sunday Services:','10:45 AM; 6:00 PM',5),(1578,2,'header','Contact Info:','',7),(1579,2,'email','Email:','',8),(1580,2,'url','Web Site:','',9),(1581,2,'text','Wednesday PM:','7:30',6),(1582,7,'header','Location','',0),(1583,7,'text','Address:','',1),(1584,7,'text','City, State, Zip:','',2),(1585,7,'header','Services','',3),(1586,7,'text','Sunday School:','9:45 AM',4),(1587,7,'text','Sunday Services:','10:45 AM; 6:00 PM',5),(1588,7,'header','Contact Info:','',7),(1589,7,'email','Email:','',8),(1590,7,'url','Web Site:','',9),(1591,7,'text','Wednesday PM:','7:30',6),(1592,5,'header','Location','',0),(1593,5,'text','Address:','',1),(1594,5,'text','City, State, Zip:','',2),(1595,5,'header','Services','',3),(1596,5,'text','Sunday School:','9:45 AM',4),(1597,5,'text','Sunday Services:','10:45 AM; 6:00 PM',5),(1598,5,'header','Contact Info:','',7),(1599,5,'email','Email:','',8),(1600,5,'url','Web Site:','',9),(1601,5,'text','Wednesday PM:','7:30',6),(1602,6,'header','Location','',0),(1603,6,'text','Address:','',1),(1604,6,'text','City, State, Zip:','',2),(1605,6,'header','Services','',3),(1606,6,'text','Sunday School:','9:45 AM',4),(1607,6,'text','Sunday Services:','10:45 AM; 6:00 PM',5),(1608,6,'header','Contact Info:','',7),(1609,6,'email','Email:','',8),(1610,6,'url','Web Site:','',9),(1611,6,'text','Wednesday PM:','7:30',6),(1612,3,'header','Location','',0),(1613,3,'text','Address:','',1),(1614,3,'text','City, State, Zip:','',2),(1615,3,'header','Services','',3),(1616,3,'text','Sunday School:','9:45 AM',4),(1617,3,'text','Sunday Services:','10:45 AM; 6:00 PM',5),(1618,3,'header','Contact Info:','',7),(1619,3,'email','Email:','',8),(1620,3,'url','Web Site:','',9),(1621,3,'text','Wednesday PM:','7:30',6),(1622,4,'header','Location','',0),(1623,4,'text','Address:','',1),(1624,4,'text','City, State, Zip:','',2),(1625,4,'header','Services','',3),(1626,4,'text','Sunday School:','9:45 AM',4),(1627,4,'text','Sunday Services:','10:45 AM; 6:00 PM',5),(1628,4,'header','Contact Info:','',7),(1629,4,'email','Email:','',8),(1630,4,'url','Web Site:','',9),(1631,4,'text','Wednesday PM:','7:30',6),(1632,9,'header','Location','',0),(1633,9,'text','Address:','',1),(1634,9,'text','City, State, Zip:','',2),(1635,9,'header','Services','',3),(1636,9,'text','Sunday School:','9:45 AM',4),(1637,9,'text','Sunday Services:','10:45 AM; 6:00 PM',5),(1638,9,'header','Contact Info:','',7),(1639,9,'email','Email:','',8),(1640,9,'url','Web Site:','',9),(1641,9,'text','Wednesday PM:','7:30',6),(1642,2,'header','Location','',0),(1643,2,'text','Address:','',1),(1644,2,'text','City, State, Zip:','',2),(1645,2,'header','Services','',3),(1646,2,'text','Sunday School:','9:45 AM',4),(1647,2,'text','Sunday Services:','10:45 AM; 6:00 PM',5),(1648,2,'header','Contact Info:','',7),(1649,2,'email','Email:','',8),(1650,2,'url','Web Site:','',9),(1651,2,'text','Wednesday PM:','7:30',6),(1652,7,'header','Location','',0),(1653,7,'text','Address:','',1),(1654,7,'text','City, State, Zip:','',2),(1655,7,'header','Services','',3),(1656,7,'text','Sunday School:','9:45 AM',4),(1657,7,'text','Sunday Services:','10:45 AM; 6:00 PM',5),(1658,7,'header','Contact Info:','',7),(1659,7,'email','Email:','',8),(1660,7,'url','Web Site:','',9),(1661,7,'text','Wednesday PM:','7:30',6),(1662,5,'header','Location','',0),(1663,5,'text','Address:','',1),(1664,5,'text','City, State, Zip:','',2),(1665,5,'header','Services','',3),(1666,5,'text','Sunday School:','9:45 AM',4),(1667,5,'text','Sunday Services:','10:45 AM; 6:00 PM',5),(1668,5,'header','Contact Info:','',7),(1669,5,'email','Email:','',8),(1670,5,'url','Web Site:','',9),(1671,5,'text','Wednesday PM:','7:30',6),(1672,6,'header','Location','',0),(1673,6,'text','Address:','',1),(1674,6,'text','City, State, Zip:','',2),(1675,6,'header','Services','',3),(1676,6,'text','Sunday School:','9:45 AM',4),(1677,6,'text','Sunday Services:','10:45 AM; 6:00 PM',5),(1678,6,'header','Contact Info:','',7),(1679,6,'email','Email:','',8),(1680,6,'url','Web Site:','',9),(1681,6,'text','Wednesday PM:','7:30',6),(1682,3,'header','Location','',0),(1683,3,'text','Address:','',1),(1684,3,'text','City, State, Zip:','',2),(1685,3,'header','Services','',3),(1686,3,'text','Sunday School:','9:45 AM',4),(1687,3,'text','Sunday Services:','10:45 AM; 6:00 PM',5),(1688,3,'header','Contact Info:','',7),(1689,3,'email','Email:','',8),(1690,3,'url','Web Site:','',9),(1691,3,'text','Wednesday PM:','7:30',6),(1692,4,'header','Location','',0),(1693,4,'text','Address:','',1),(1694,4,'text','City, State, Zip:','',2),(1695,4,'header','Services','',3),(1696,4,'text','Sunday School:','9:45 AM',4),(1697,4,'text','Sunday Services:','10:45 AM; 6:00 PM',5),(1698,4,'header','Contact Info:','',7),(1699,4,'email','Email:','',8),(1700,4,'url','Web Site:','',9),(1701,4,'text','Wednesday PM:','7:30',6),(1702,9,'header','Location','',0),(1703,9,'text','Address:','',1),(1704,9,'text','City, State, Zip:','',2),(1705,9,'header','Services','',3),(1706,9,'text','Sunday School:','9:45 AM',4),(1707,9,'text','Sunday Services:','10:45 AM; 6:00 PM',5),(1708,9,'header','Contact Info:','',7),(1709,9,'email','Email:','',8),(1710,9,'url','Web Site:','',9),(1711,9,'text','Wednesday PM:','7:30',6),(1712,2,'header','Location','',0),(1713,2,'text','Address:','',1),(1714,2,'text','City, State, Zip:','',2),(1715,2,'header','Services','',3),(1716,2,'text','Sunday School:','9:45 AM',4),(1717,2,'text','Sunday Services:','10:45 AM; 6:00 PM',5),(1718,2,'header','Contact Info:','',7),(1719,2,'email','Email:','',8),(1720,2,'url','Web Site:','',9),(1721,2,'text','Wednesday PM:','7:30',6),(1722,7,'header','Location','',0),(1723,7,'text','Address:','',1),(1724,7,'text','City, State, Zip:','',2),(1725,7,'header','Services','',3),(1726,7,'text','Sunday School:','9:45 AM',4),(1727,7,'text','Sunday Services:','10:45 AM; 6:00 PM',5),(1728,7,'header','Contact Info:','',7),(1729,7,'email','Email:','',8),(1730,7,'url','Web Site:','',9),(1731,7,'text','Wednesday PM:','7:30',6),(1732,5,'header','Location','',0),(1733,5,'text','Address:','',1),(1734,5,'text','City, State, Zip:','',2),(1735,5,'header','Services','',3),(1736,5,'text','Sunday School:','9:45 AM',4),(1737,5,'text','Sunday Services:','10:45 AM; 6:00 PM',5),(1738,5,'header','Contact Info:','',7),(1739,5,'email','Email:','',8),(1740,5,'url','Web Site:','',9),(1741,5,'text','Wednesday PM:','7:30',6),(1742,6,'header','Location','',0),(1743,6,'text','Address:','',1),(1744,6,'text','City, State, Zip:','',2),(1745,6,'header','Services','',3),(1746,6,'text','Sunday School:','9:45 AM',4),(1747,6,'text','Sunday Services:','10:45 AM; 6:00 PM',5),(1748,6,'header','Contact Info:','',7),(1749,6,'email','Email:','',8),(1750,6,'url','Web Site:','',9),(1751,6,'text','Wednesday PM:','7:30',6),(1752,3,'header','Location','',0),(1753,3,'text','Address:','',1),(1754,3,'text','City, State, Zip:','',2),(1755,3,'header','Services','',3),(1756,3,'text','Sunday School:','9:45 AM',4),(1757,3,'text','Sunday Services:','10:45 AM; 6:00 PM',5),(1758,3,'header','Contact Info:','',7),(1759,3,'email','Email:','',8),(1760,3,'url','Web Site:','',9),(1761,3,'text','Wednesday PM:','7:30',6),(1762,4,'header','Location','',0),(1763,4,'text','Address:','',1),(1764,4,'text','City, State, Zip:','',2),(1765,4,'header','Services','',3),(1766,4,'text','Sunday School:','9:45 AM',4),(1767,4,'text','Sunday Services:','10:45 AM; 6:00 PM',5),(1768,4,'header','Contact Info:','',7),(1769,4,'email','Email:','',8),(1770,4,'url','Web Site:','',9),(1771,4,'text','Wednesday PM:','7:30',6),(1772,9,'header','Location','',0),(1773,9,'text','Address:','',1),(1774,9,'text','City, State, Zip:','',2),(1775,9,'header','Services','',3),(1776,9,'text','Sunday School:','9:45 AM',4),(1777,9,'text','Sunday Services:','10:45 AM; 6:00 PM',5),(1778,9,'header','Contact Info:','',7),(1779,9,'email','Email:','',8),(1780,9,'url','Web Site:','',9),(1781,9,'text','Wednesday PM:','7:30',6),(1782,2,'header','Location','',0),(1783,2,'text','Address:','',1),(1784,2,'text','City, State, Zip:','',2),(1785,2,'header','Services','',3),(1786,2,'text','Sunday School:','9:45 AM',4),(1787,2,'text','Sunday Services:','10:45 AM; 6:00 PM',5),(1788,2,'header','Contact Info:','',7),(1789,2,'email','Email:','',8),(1790,2,'url','Web Site:','',9),(1791,2,'text','Wednesday PM:','7:30',6),(1792,7,'header','Location','',0),(1793,7,'text','Address:','',1),(1794,7,'text','City, State, Zip:','',2),(1795,7,'header','Services','',3),(1796,7,'text','Sunday School:','9:45 AM',4),(1797,7,'text','Sunday Services:','10:45 AM; 6:00 PM',5),(1798,7,'header','Contact Info:','',7),(1799,7,'email','Email:','',8),(1800,7,'url','Web Site:','',9),(1801,7,'text','Wednesday PM:','7:30',6),(1802,5,'header','Location','',0),(1803,5,'text','Address:','',1),(1804,5,'text','City, State, Zip:','',2),(1805,5,'header','Services','',3),(1806,5,'text','Sunday School:','9:45 AM',4),(1807,5,'text','Sunday Services:','10:45 AM; 6:00 PM',5),(1808,5,'header','Contact Info:','',7),(1809,5,'email','Email:','',8),(1810,5,'url','Web Site:','',9),(1811,5,'text','Wednesday PM:','7:30',6),(1812,3,'header','Location','',0),(1813,3,'text','Address:','',1),(1814,3,'text','City, State, Zip:','',2),(1815,3,'header','Services','',3),(1816,3,'text','Sunday School:','9:45 AM',4),(1817,3,'text','Sunday Services:','10:45 AM; 6:00 PM',5),(1818,3,'header','Contact Info:','',7),(1819,3,'email','Email:','',8),(1820,3,'url','Web Site:','',9),(1821,3,'text','Wednesday PM:','7:30',6),(1822,4,'header','Location','',0),(1823,4,'text','Address:','',1),(1824,4,'text','City, State, Zip:','',2),(1825,4,'header','Services','',3),(1826,4,'text','Sunday School:','9:45 AM',4),(1827,4,'text','Sunday Services:','10:45 AM; 6:00 PM',5),(1828,4,'header','Contact Info:','',7),(1829,4,'email','Email:','',8),(1830,4,'url','Web Site:','',9),(1831,4,'text','Wednesday PM:','7:30',6),(1832,9,'header','Location','',0),(1833,9,'text','Address:','',1),(1834,9,'text','City, State, Zip:','',2),(1835,9,'header','Services','',3),(1836,9,'text','Sunday School:','9:45 AM',4),(1837,9,'text','Sunday Services:','10:45 AM; 6:00 PM',5),(1838,9,'header','Contact Info:','',7),(1839,9,'email','Email:','',8),(1840,9,'url','Web Site:','',9),(1841,9,'text','Wednesday PM:','7:30',6),(1842,2,'header','Location','',0),(1843,2,'text','Address:','',1),(1844,2,'text','City, State, Zip:','',2),(1845,2,'header','Services','',3),(1846,2,'text','Sunday School:','9:45 AM',4),(1847,2,'text','Sunday Services:','10:45 AM; 6:00 PM',5),(1848,2,'header','Contact Info:','',7),(1849,2,'email','Email:','',8),(1850,2,'url','Web Site:','',9),(1851,2,'text','Wednesday PM:','7:30',6),(1852,7,'header','Location','',0),(1853,7,'text','Address:','',1),(1854,7,'text','City, State, Zip:','',2),(1855,7,'header','Services','',3),(1856,7,'text','Sunday School:','9:45 AM',4),(1857,7,'text','Sunday Services:','10:45 AM; 6:00 PM',5),(1858,7,'header','Contact Info:','',7),(1859,7,'email','Email:','',8),(1860,7,'url','Web Site:','',9),(1861,7,'text','Wednesday PM:','7:30',6),(1862,5,'header','Location','',0),(1863,5,'text','Address:','',1),(1864,5,'text','City, State, Zip:','',2),(1865,5,'header','Services','',3),(1866,5,'text','Sunday School:','9:45 AM',4),(1867,5,'text','Sunday Services:','10:45 AM; 6:00 PM',5),(1868,5,'header','Contact Info:','',7),(1869,5,'email','Email:','',8),(1870,5,'url','Web Site:','',9),(1871,5,'text','Wednesday PM:','7:30',6),(1872,3,'header','Location','',0),(1873,3,'text','Address:','',1),(1874,3,'text','City, State, Zip:','',2),(1875,3,'header','Services','',3),(1876,3,'text','Sunday School:','9:45 AM',4),(1877,3,'text','Sunday Services:','10:45 AM; 6:00 PM',5),(1878,3,'header','Contact Info:','',7),(1879,3,'email','Email:','',8),(1880,3,'url','Web Site:','',9),(1881,3,'text','Wednesday PM:','7:30',6),(1882,4,'header','Location','',0),(1883,4,'text','Address:','',1),(1884,4,'text','City, State, Zip:','',2),(1885,4,'header','Services','',3),(1886,4,'text','Sunday School:','9:45 AM',4),(1887,4,'text','Sunday Services:','10:45 AM; 6:00 PM',5),(1888,4,'header','Contact Info:','',7),(1889,4,'email','Email:','',8),(1890,4,'url','Web Site:','',9),(1891,4,'text','Wednesday PM:','7:30',6),(1892,9,'header','Location','',0),(1893,9,'text','Address:','',1),(1894,9,'text','City, State, Zip:','',2),(1895,9,'header','Services','',3),(1896,9,'text','Sunday School:','9:45 AM',4),(1897,9,'text','Sunday Services:','10:45 AM; 6:00 PM',5),(1898,9,'header','Contact Info:','',7),(1899,9,'email','Email:','',8),(1900,9,'url','Web Site:','',9),(1901,9,'text','Wednesday PM:','7:30',6),(1902,2,'header','Location','',0),(1903,2,'text','Address:','',1),(1904,2,'text','City, State, Zip:','',2),(1905,2,'header','Services','',3),(1906,2,'text','Sunday School:','9:45 AM',4),(1907,2,'text','Sunday Services:','10:45 AM; 6:00 PM',5),(1908,2,'header','Contact Info:','',7),(1909,2,'email','Email:','',8),(1910,2,'url','Web Site:','',9),(1911,2,'text','Wednesday PM:','7:30',6),(1912,7,'header','Location','',0),(1913,7,'text','Address:','',1),(1914,7,'text','City, State, Zip:','',2),(1915,7,'header','Services','',3),(1916,7,'text','Sunday School:','9:45 AM',4),(1917,7,'text','Sunday Services:','10:45 AM; 6:00 PM',5),(1918,7,'header','Contact Info:','',7),(1919,7,'email','Email:','',8),(1920,7,'url','Web Site:','',9),(1921,7,'text','Wednesday PM:','7:30',6),(1922,5,'header','Location','',0),(1923,5,'text','Address:','',1),(1924,5,'text','City, State, Zip:','',2),(1925,5,'header','Services','',3),(1926,5,'text','Sunday School:','9:45 AM',4),(1927,5,'text','Sunday Services:','10:45 AM; 6:00 PM',5),(1928,5,'header','Contact Info:','',7),(1929,5,'email','Email:','',8),(1930,5,'url','Web Site:','',9),(1931,5,'text','Wednesday PM:','7:30',6),(1932,3,'header','Location','',0),(1933,3,'text','Address:','',1),(1934,3,'text','City, State, Zip:','',2),(1935,3,'header','Services','',3),(1936,3,'text','Sunday School:','9:45 AM',4),(1937,3,'text','Sunday Services:','10:45 AM; 6:00 PM',5),(1938,3,'header','Contact Info:','',7),(1939,3,'email','Email:','',8),(1940,3,'url','Web Site:','',9),(1941,3,'text','Wednesday PM:','7:30',6),(1942,4,'header','Location','',0),(1943,4,'text','Address:','',1),(1944,4,'text','City, State, Zip:','',2),(1945,4,'header','Services','',3),(1946,4,'text','Sunday School:','9:45 AM',4),(1947,4,'text','Sunday Services:','10:45 AM; 6:00 PM',5),(1948,4,'header','Contact Info:','',7),(1949,4,'email','Email:','',8),(1950,4,'url','Web Site:','',9),(1951,4,'text','Wednesday PM:','7:30',6),(1952,2,'header','Location','',0),(1953,2,'text','Address:','',1),(1954,2,'text','City, State, Zip:','',2),(1955,2,'header','Services','',3),(1956,2,'text','Sunday School:','9:45 AM',4),(1957,2,'text','Sunday Services:','10:45 AM; 6:00 PM',5),(1958,2,'header','Contact Info:','',7),(1959,2,'email','Email:','',8),(1960,2,'url','Web Site:','',9),(1961,2,'text','Wednesday PM:','7:30',6),(1962,7,'header','Location','',0),(1963,7,'text','Address:','',1),(1964,7,'text','City, State, Zip:','',2),(1965,7,'header','Services','',3),(1966,7,'text','Sunday School:','9:45 AM',4),(1967,7,'text','Sunday Services:','10:45 AM; 6:00 PM',5),(1968,7,'header','Contact Info:','',7),(1969,7,'email','Email:','',8),(1970,7,'url','Web Site:','',9),(1971,7,'text','Wednesday PM:','7:30',6),(1972,5,'header','Location','',0),(1973,5,'text','Address:','',1),(1974,5,'text','City, State, Zip:','',2),(1975,5,'header','Services','',3),(1976,5,'text','Sunday School:','9:45 AM',4),(1977,5,'text','Sunday Services:','10:45 AM; 6:00 PM',5),(1978,5,'header','Contact Info:','',7),(1979,5,'email','Email:','',8),(1980,5,'url','Web Site:','',9),(1981,5,'text','Wednesday PM:','7:30',6),(1982,6,'header','Location','',0),(1983,6,'text','Address:','',1),(1984,6,'text','City, State, Zip:','',2),(1985,6,'header','Services','',3),(1986,6,'text','Sunday School:','9:45 AM',4),(1987,6,'text','Sunday Services:','10:45 AM; 6:00 PM',5),(1988,6,'header','Contact Info:','',7),(1989,6,'email','Email:','',8),(1990,6,'url','Web Site:','',9),(1991,6,'text','Wednesday PM:','7:30',6),(1992,3,'header','Location','',0),(1993,3,'text','Address:','',1),(1994,3,'text','City, State, Zip:','',2),(1995,3,'header','Services','',3),(1996,3,'text','Sunday School:','9:45 AM',4),(1997,3,'text','Sunday Services:','10:45 AM; 6:00 PM',5),(1998,3,'header','Contact Info:','',7),(1999,3,'email','Email:','',8),(2000,3,'url','Web Site:','',9),(2001,3,'text','Wednesday PM:','7:30',6),(2002,4,'header','Location','',0),(2003,4,'text','Address:','',1),(2004,4,'text','City, State, Zip:','',2),(2005,4,'header','Services','',3),(2006,4,'text','Sunday School:','9:45 AM',4),(2007,4,'text','Sunday Services:','10:45 AM; 6:00 PM',5),(2008,4,'header','Contact Info:','',7),(2009,4,'email','Email:','',8),(2010,4,'url','Web Site:','',9),(2011,4,'text','Wednesday PM:','7:30',6),(2012,9,'header','Location','',0),(2013,9,'text','Address:','',1),(2014,9,'text','City, State, Zip:','',2),(2015,9,'header','Services','',3),(2016,9,'text','Sunday School:','9:45 AM',4),(2017,9,'text','Sunday Services:','10:45 AM; 6:00 PM',5),(2018,9,'header','Contact Info:','',7),(2019,9,'email','Email:','',8),(2020,9,'url','Web Site:','',9),(2021,9,'text','Wednesday PM:','7:30',6),(2022,2,'header','Location','',0),(2023,2,'text','Address:','',1),(2024,2,'text','City, State, Zip:','',2),(2025,2,'header','Services','',3),(2026,2,'text','Sunday School:','9:45 AM',4),(2027,2,'text','Sunday Services:','10:45 AM; 6:00 PM',5),(2028,2,'header','Contact Info:','',7),(2029,2,'email','Email:','',8),(2030,2,'url','Web Site:','',9),(2031,2,'text','Wednesday PM:','7:30',6),(2032,7,'header','Location','',0),(2033,7,'text','Address:','',1),(2034,7,'text','City, State, Zip:','',2),(2035,7,'header','Services','',3),(2036,7,'text','Sunday School:','9:45 AM',4),(2037,7,'text','Sunday Services:','10:45 AM; 6:00 PM',5),(2038,7,'header','Contact Info:','',7),(2039,7,'email','Email:','',8),(2040,7,'url','Web Site:','',9),(2041,7,'text','Wednesday PM:','7:30',6),(2042,5,'header','Location','',0),(2043,5,'text','Address:','',1),(2044,5,'text','City, State, Zip:','',2),(2045,5,'header','Services','',3),(2046,5,'text','Sunday School:','9:45 AM',4),(2047,5,'text','Sunday Services:','10:45 AM; 6:00 PM',5),(2048,5,'header','Contact Info:','',7),(2049,5,'email','Email:','',8),(2050,5,'url','Web Site:','',9),(2051,5,'text','Wednesday PM:','7:30',6),(2052,3,'header','Location','',0),(2053,3,'text','Address:','',1),(2054,3,'text','City, State, Zip:','',2),(2055,3,'header','Services','',3),(2056,3,'text','Sunday School:','9:45 AM',4),(2057,3,'text','Sunday Services:','10:45 AM; 6:00 PM',5),(2058,3,'header','Contact Info:','',7),(2059,3,'email','Email:','',8),(2060,3,'url','Web Site:','',9),(2061,3,'text','Wednesday PM:','7:30',6),(2062,4,'header','Location','',0),(2063,4,'text','Address:','',1),(2064,4,'text','City, State, Zip:','',2),(2065,4,'header','Services','',3),(2066,4,'text','Sunday School:','9:45 AM',4),(2067,4,'text','Sunday Services:','10:45 AM; 6:00 PM',5),(2068,4,'header','Contact Info:','',7),(2069,4,'email','Email:','',8),(2070,4,'url','Web Site:','',9),(2071,4,'text','Wednesday PM:','7:30',6),(2072,9,'header','Location','',0),(2073,9,'text','Address:','',1),(2074,9,'text','City, State, Zip:','',2),(2075,9,'header','Services','',3),(2076,9,'text','Sunday School:','9:45 AM',4),(2077,9,'text','Sunday Services:','10:45 AM; 6:00 PM',5),(2078,9,'header','Contact Info:','',7),(2079,9,'email','Email:','',8),(2080,9,'url','Web Site:','',9),(2081,9,'text','Wednesday PM:','7:30',6),(2082,2,'header','Location','',0),(2083,2,'text','Address:','',1),(2084,2,'text','City, State, Zip:','',2),(2085,2,'header','Services','',3),(2086,2,'text','Sunday School:','9:45 AM',4),(2087,2,'text','Sunday Services:','10:45 AM; 6:00 PM',5),(2088,2,'header','Contact Info:','',7),(2089,2,'email','Email:','',8),(2090,2,'url','Web Site:','',9),(2091,2,'text','Wednesday PM:','7:30',6),(2092,7,'header','Location','',0),(2093,7,'text','Address:','',1),(2094,7,'text','City, State, Zip:','',2),(2095,7,'header','Services','',3),(2096,7,'text','Sunday School:','9:45 AM',4),(2097,7,'text','Sunday Services:','10:45 AM; 6:00 PM',5),(2098,7,'header','Contact Info:','',7),(2099,7,'email','Email:','',8),(2100,7,'url','Web Site:','',9),(2101,7,'text','Wednesday PM:','7:30',6),(2102,5,'header','Location','',0),(2103,5,'text','Address:','',1),(2104,5,'text','City, State, Zip:','',2),(2105,5,'header','Services','',3),(2106,5,'text','Sunday School:','9:45 AM',4),(2107,5,'text','Sunday Services:','10:45 AM; 6:00 PM',5),(2108,5,'header','Contact Info:','',7),(2109,5,'email','Email:','',8),(2110,5,'url','Web Site:','',9),(2111,5,'text','Wednesday PM:','7:30',6),(2112,3,'header','Location','',0),(2113,3,'text','Address:','',1),(2114,3,'text','City, State, Zip:','',2),(2115,3,'header','Services','',3),(2116,3,'text','Sunday School:','9:45 AM',4),(2117,3,'text','Sunday Services:','10:45 AM; 6:00 PM',5),(2118,3,'header','Contact Info:','',7),(2119,3,'email','Email:','',8),(2120,3,'url','Web Site:','',9),(2121,3,'text','Wednesday PM:','7:30',6),(2122,4,'header','Location','',0),(2123,4,'text','Address:','',1),(2124,4,'text','City, State, Zip:','',2),(2125,4,'header','Services','',3),(2126,4,'text','Sunday School:','9:45 AM',4),(2127,4,'text','Sunday Services:','10:45 AM; 6:00 PM',5),(2128,4,'header','Contact Info:','',7),(2129,4,'email','Email:','',8),(2130,4,'url','Web Site:','',9),(2131,4,'text','Wednesday PM:','7:30',6),(2132,9,'header','Location','',0),(2133,9,'text','Address:','',1),(2134,9,'text','City, State, Zip:','',2),(2135,9,'header','Services','',3),(2136,9,'text','Sunday School:','9:45 AM',4),(2137,9,'text','Sunday Services:','10:45 AM; 6:00 PM',5),(2138,9,'header','Contact Info:','',7),(2139,9,'email','Email:','',8),(2140,9,'url','Web Site:','',9),(2141,9,'text','Wednesday PM:','7:30',6),(2142,2,'header','Location','',0),(2143,2,'text','Address:','',1),(2144,2,'text','City, State, Zip:','',2),(2145,2,'header','Services','',3),(2146,2,'text','Sunday School:','9:45 AM',4),(2147,2,'text','Sunday Services:','10:45 AM; 6:00 PM',5),(2148,2,'header','Contact Info:','',7),(2149,2,'email','Email:','',8),(2150,2,'url','Web Site:','',9),(2151,2,'text','Wednesday PM:','7:30',6),(2152,7,'header','Location','',0),(2153,7,'text','Address:','',1),(2154,7,'text','City, State, Zip:','',2),(2155,7,'header','Services','',3),(2156,7,'text','Sunday School:','9:45 AM',4),(2157,7,'text','Sunday Services:','10:45 AM; 6:00 PM',5),(2158,7,'header','Contact Info:','',7),(2159,7,'email','Email:','',8),(2160,7,'url','Web Site:','',9),(2161,7,'text','Wednesday PM:','7:30',6),(2162,5,'header','Location','',0),(2163,5,'text','Address:','',1),(2164,5,'text','City, State, Zip:','',2),(2165,5,'header','Services','',3),(2166,5,'text','Sunday School:','9:45 AM',4),(2167,5,'text','Sunday Services:','10:45 AM; 6:00 PM',5),(2168,5,'header','Contact Info:','',7),(2169,5,'email','Email:','',8),(2170,5,'url','Web Site:','',9),(2171,5,'text','Wednesday PM:','7:30',6),(2172,3,'header','Location','',0),(2173,3,'text','Address:','',1),(2174,3,'text','City, State, Zip:','',2),(2175,3,'header','Services','',3),(2176,3,'text','Sunday School:','9:45 AM',4),(2177,3,'text','Sunday Services:','10:45 AM; 6:00 PM',5),(2178,3,'header','Contact Info:','',7),(2179,3,'email','Email:','',8),(2180,3,'url','Web Site:','',9),(2181,3,'text','Wednesday PM:','7:30',6),(2182,4,'header','Location','',0),(2183,4,'text','Address:','',1),(2184,4,'text','City, State, Zip:','',2),(2185,4,'header','Services','',3),(2186,4,'text','Sunday School:','9:45 AM',4),(2187,4,'text','Sunday Services:','10:45 AM; 6:00 PM',5),(2188,4,'header','Contact Info:','',7),(2189,4,'email','Email:','',8),(2190,4,'url','Web Site:','',9),(2191,4,'text','Wednesday PM:','7:30',6),(2192,9,'header','Location','',0),(2193,9,'text','Address:','',1),(2194,9,'text','City, State, Zip:','',2),(2195,9,'header','Services','',3),(2196,9,'text','Sunday School:','9:45 AM',4),(2197,9,'text','Sunday Services:','10:45 AM; 6:00 PM',5),(2198,9,'header','Contact Info:','',7),(2199,9,'email','Email:','',8),(2200,9,'url','Web Site:','',9),(2201,9,'text','Wednesday PM:','7:30',6),(2202,2,'header','Location','',0),(2203,2,'text','Address:','',1),(2204,2,'text','City, State, Zip:','',2),(2205,2,'header','Services','',3),(2206,2,'text','Sunday School:','9:45 AM',4),(2207,2,'text','Sunday Services:','10:45 AM; 6:00 PM',5),(2208,2,'header','Contact Info:','',7),(2209,2,'email','Email:','',8),(2210,2,'url','Web Site:','',9),(2211,2,'text','Wednesday PM:','7:30',6),(2212,5,'header','Location','',0),(2213,5,'text','Address:','',1),(2214,5,'text','City, State, Zip:','',2),(2215,5,'header','Services','',3),(2216,5,'text','Sunday School:','9:45 AM',4),(2217,5,'text','Sunday Services:','10:45 AM; 6:00 PM',5),(2218,5,'header','Contact Info:','',7),(2219,5,'email','Email:','',8),(2220,5,'url','Web Site:','',9),(2221,5,'text','Wednesday PM:','7:30',6),(2222,3,'header','Location','',0),(2223,3,'text','Address:','',1),(2224,3,'text','City, State, Zip:','',2),(2225,3,'header','Services','',3),(2226,3,'text','Sunday School:','9:45 AM',4),(2227,3,'text','Sunday Services:','10:45 AM; 6:00 PM',5),(2228,3,'header','Contact Info:','',7),(2229,3,'email','Email:','',8),(2230,3,'url','Web Site:','',9),(2231,3,'text','Wednesday PM:','7:30',6),(2232,4,'header','Location','',0),(2233,4,'text','Address:','',1),(2234,4,'text','City, State, Zip:','',2),(2235,4,'header','Services','',3),(2236,4,'text','Sunday School:','9:45 AM',4),(2237,4,'text','Sunday Services:','10:45 AM; 6:00 PM',5),(2238,4,'header','Contact Info:','',7),(2239,4,'email','Email:','',8),(2240,4,'url','Web Site:','',9),(2241,4,'text','Wednesday PM:','7:30',6),(2242,9,'header','Location','',0),(2243,9,'text','Address:','',1),(2244,9,'text','City, State, Zip:','',2),(2245,9,'header','Services','',3),(2246,9,'text','Sunday School:','9:45 AM',4),(2247,9,'text','Sunday Services:','10:45 AM; 6:00 PM',5),(2248,9,'header','Contact Info:','',7),(2249,9,'email','Email:','',8),(2250,9,'url','Web Site:','',9),(2251,9,'text','Wednesday PM:','7:30',6),(2252,7,'header','Location','',0),(2253,7,'text','Address:','',1),(2254,7,'text','City, State, Zip:','',2),(2255,7,'header','Services','',3),(2256,7,'text','Sunday School:','9:45 AM',4),(2257,7,'text','Sunday Services:','10:45 AM; 6:00 PM',5),(2258,7,'header','Contact Info:','',7),(2259,7,'email','Email:','',8),(2260,7,'url','Web Site:','',9),(2261,7,'text','Wednesday PM:','7:30',6),(2262,5,'header','Location','',0),(2263,5,'text','Address:','',1),(2264,5,'text','City, State, Zip:','',2),(2265,5,'header','Services','',3),(2266,5,'text','Sunday School:','9:45 AM',4),(2267,5,'text','Sunday Services:','10:45 AM; 6:00 PM',5),(2268,5,'header','Contact Info:','',7),(2269,5,'email','Email:','',8),(2270,5,'url','Web Site:','',9),(2271,5,'text','Wednesday PM:','7:30',6),(2272,3,'header','Location','',0),(2273,3,'text','Address:','',1),(2274,3,'text','City, State, Zip:','',2),(2275,3,'header','Services','',3),(2276,3,'text','Sunday School:','9:45 AM',4),(2277,3,'text','Sunday Services:','10:45 AM; 6:00 PM',5),(2278,3,'header','Contact Info:','',7),(2279,3,'email','Email:','',8),(2280,3,'url','Web Site:','',9),(2281,3,'text','Wednesday PM:','7:30',6),(2282,4,'header','Location','',0),(2283,4,'text','Address:','',1),(2284,4,'text','City, State, Zip:','',2),(2285,4,'header','Services','',3),(2286,4,'text','Sunday School:','9:45 AM',4),(2287,4,'text','Sunday Services:','10:45 AM; 6:00 PM',5),(2288,4,'header','Contact Info:','',7),(2289,4,'email','Email:','',8),(2290,4,'url','Web Site:','',9),(2291,4,'text','Wednesday PM:','7:30',6),(2292,2,'header','Location','',0),(2293,2,'text','Address:','',1),(2294,2,'text','City, State, Zip:','',2),(2295,2,'header','Services','',3),(2296,2,'text','Sunday School:','9:45 AM',4),(2297,2,'text','Sunday Services:','10:45 AM; 6:00 PM',5),(2298,2,'header','Contact Info:','',7),(2299,2,'email','Email:','',8),(2300,2,'url','Web Site:','',9),(2301,2,'text','Wednesday PM:','7:30',6),(2302,6,'header','Location','',0),(2303,6,'text','Address:','',1),(2304,6,'text','City, State, Zip:','',2),(2305,6,'header','Services','',3),(2306,6,'text','Sunday School:','9:45 AM',4),(2307,6,'text','Sunday Services:','10:45 AM; 6:00 PM',5),(2308,6,'header','Contact Info:','',7),(2309,6,'email','Email:','',8),(2310,6,'url','Web Site:','',9),(2311,6,'text','Wednesday PM:','7:30',6);
/*!40000 ALTER TABLE `location_detail` ENABLE KEYS */;
UNLOCK TABLES;

--
-- Table structure for table `location_template`
--

DROP TABLE IF EXISTS `location_template`;
/*!40101 SET @saved_cs_client     = @@character_set_client */;
/*!40101 SET character_set_client = utf8 */;
CREATE TABLE `location_template` (
  `location_template_id` int(11) NOT NULL AUTO_INCREMENT,
  `type_code` varchar(20) NOT NULL,
  `label` varchar(30) NOT NULL,
  `value` varchar(50) DEFAULT NULL,
  `sort_order` int(11) NOT NULL DEFAULT '0',
  PRIMARY KEY (`location_template_id`)
) ENGINE=InnoDB AUTO_INCREMENT=17 DEFAULT CHARSET=latin1;
/*!40101 SET character_set_client = @saved_cs_client */;

--
-- Dumping data for table `location_template`
--

LOCK TABLES `location_template` WRITE;
/*!40000 ALTER TABLE `location_template` DISABLE KEYS */;
INSERT INTO `location_template` VALUES (1,'header','Location','',0),(2,'text','Address:','',1),(3,'text','City, State, Zip:','',2),(4,'header','Services','',3),(5,'text','Sunday School:','9:45 AM',4),(6,'text','Sunday Services:','10:45 AM; 6:00 PM',5),(8,'header','Contact Info:','',7),(9,'email','Email:','',8),(10,'url','Web Site:','',9),(16,'text','Wednesday PM:','7:30',6);
/*!40000 ALTER TABLE `location_template` ENABLE KEYS */;
UNLOCK TABLES;

--
-- Table structure for table `picture`
--

DROP TABLE IF EXISTS `picture`;
/*!40101 SET @saved_cs_client     = @@character_set_client */;
/*!40101 SET character_set_client = utf8 */;
CREATE TABLE `picture` (
  `picture_id` int(11) NOT NULL AUTO_INCREMENT,
  `caption_txt` varchar(30) DEFAULT NULL,
  `modified_date` date DEFAULT NULL,
  `file_name` varchar(30) NOT NULL,
  `path` varchar(100) NOT NULL,
  `modified_user` int(11) NOT NULL,
  `description` varchar(75) DEFAULT NULL,
  `active_ind` char(1) NOT NULL DEFAULT 'Y',
  PRIMARY KEY (`picture_id`),
  KEY `user_picture_fk` (`modified_user`),
  KEY `FKDD905CFEDCE387C9` (`modified_user`),
  CONSTRAINT `FKDD905CFEDCE387C9` FOREIGN KEY (`modified_user`) REFERENCES `user` (`user_id`)
) ENGINE=InnoDB AUTO_INCREMENT=43 DEFAULT CHARSET=latin1;
/*!40101 SET character_set_client = @saved_cs_client */;

--
-- Dumping data for table `picture`
--

LOCK TABLES `picture` WRITE;
/*!40000 ALTER TABLE `picture` DISABLE KEYS */;
INSERT INTO `picture` VALUES (2,'Zaccheus collecting taxes','2012-05-19','photo2g.JPG','/cogmedia/pictures/2012/05',1,'Tax Collector','Y'),(3,'Impromptu Outdoor Service!','2012-05-19','photo 1f.JPG','/cogmedia/pictures/2012/05',1,'Outdoor service','Y'),(4,'Patsy and Amy Cain','2012-05-19','photo 2a.JPG','/cogmedia/pictures/2012/05',1,'Patsy Cain','Y'),(5,'Working at the chapel','2012-05-19','photo 2b.JPG','/cogmedia/pictures/2012/05',1,'Paving the sidewalk','Y'),(6,'Cinco De Mayo','2016-03-01','photo 3d.JPG','/cogmedia/pictures/2012/05',1,'Cinco De Mayo','N'),(7,'Mark and Betty Snell','2016-03-01','photo 2d.JPG','/cogmedia/pictures/2012/05',1,'Mark and Betty Snell','N'),(8,'Surrogate Mother','2012-05-19','photo 4c.JPG','/cogmedia/pictures/2012/05',1,'Julie Holding Colin','Y'),(9,'Outdoor Service','2012-05-19','photo 4f.JPG','/cogmedia/pictures/2012/05',1,'Outdoors','Y'),(10,'David Elwell','2012-05-19','photo 1d.JPG','/cogmedia/pictures/2012/05',1,'David Elwell','Y'),(11,'Murphy and Natalie Allen','2012-05-28','photo 5a.JPG','/cogmedia/pictures/2012/05',1,'Murphy and Natalie Allen','Y'),(12,'The Gospel Plow','2012-05-19','photo 4e.JPG','/cogmedia/pictures/2012/05',1,'Kenny preaching','Y'),(13,'State Champions!','2012-05-19','photo 4d.JPG','/cogmedia/pictures/2012/05',1,'State Champions','Y'),(14,'Paving the Sidewalk','2012-05-19','photo 5b.JPG','/cogmedia/pictures/2012/05',1,'Paving the Sidewalk','Y'),(15,'Maria Elwell','2012-05-19','photo 5c.JPG','/cogmedia/pictures/2012/05',1,'Maria Elwell','Y'),(16,'The Pastor feeding the flock','2012-05-19','photo 2e.JPG','/cogmedia/pictures/2012/05',1,'Dad Preaching','Y'),(17,'Coming boldly to the throne','2012-05-19','photo 1c.JPG','/cogmedia/pictures/2012/05',1,'Sam at the Altar','Y'),(18,'Outdoor Services','2012-05-19','photo 3f.JPG','/cogmedia/pictures/2012/05',1,'Outdoor Services','Y'),(19,'Tell the Devil Where To Go','2012-05-28','devil_hell.jpg','/cogmedia/pictures/2012/05',1,'Tell the Devil Where To Go','Y'),(20,'Christmas Play','2012-05-28','photo5g.JPG','/cogmedia/pictures/2012/05',1,'Christmas Play','Y'),(21,'Michael and Rene Smith','2012-05-28','mr.jpg','/cogmedia/pictures/2012/05',1,'Michael and Rene Smith','Y'),(22,'Edee Jane Elwell','2012-05-28','mome.jpg','/cogmedia/pictures/2012/05',1,'Edee Jane Elwell','Y'),(23,'Elwell Crew','2012-05-28','efam.jpg','/cogmedia/pictures/2012/05',1,'Elwell Crew','Y'),(24,'A Pair of Smiths','2012-05-28','mnj.jpg','/cogmedia/pictures/2012/05',1,'Michael and Julie ','Y'),(25,'The Klassen family','2012-05-28','Klassen.jpg','/cogmedia/pictures/2012/05',1,'Klassen family','Y'),(26,'Three generations','2012-05-28','threeGenerations.jpg','/cogmedia/pictures/2012/05',1,'Murphy, Smith, Elwell','Y'),(27,'Elwell Offspring','2012-05-28','sekinds.jpg','/cogmedia/pictures/2012/05',1,'Elwell Offspring','Y'),(28,'Girlfriends','2012-05-28','buddies.jpg','/cogmedia/pictures/2012/05',1,'Girlfriends','Y'),(29,'Let Sisterly Love Continue','2012-05-28','futureRelations.jpg','/cogmedia/pictures/2012/05',1,'Let Sisterly Love Continue','Y'),(30,'Steve and Elina Elwell','2012-05-28','sne.jpg','/cogmedia/pictures/2012/05',1,'Steve and Elina Elwell','Y'),(31,'Nicole in Kenya','2012-05-28','nicolebaby.jpg','/cogmedia/pictures/2012/05',1,'Nicole with Baby in Kenya','Y'),(32,'Caleb and Kristen','2012-05-28','calebkristen.jpg','/cogmedia/pictures/2012/05',1,'Caleb and Kristen','Y'),(33,'Adoration','2012-05-28','lindseyp1.jpg','/cogmedia/pictures/2012/05',1,'Adoration','Y'),(34,'Rebecca and Ruby','2012-05-28','rebandruby.jpg','/cogmedia/pictures/2012/05',1,'Rebecca and Ruby','Y'),(35,'Nicole and Avery','2012-05-28','nicnavery.jpg','/cogmedia/pictures/2012/05',1,'Nicole and Avery','Y'),(36,'Buddies and Pals','2012-05-28','budsandpals.jpg','/cogmedia/pictures/2012/05',1,'Colin and Lincoln','Y'),(37,'Three Elwells','2012-05-28','threeElwells.jpg','/cogmedia/pictures/2012/05',1,'Three Elwells','Y'),(38,'Don and Laura Elwell','2012-05-28','donandlaura.jpg','/cogmedia/pictures/2012/05',1,'Don and Laura Elwell','Y'),(39,'Father and Daughter','2012-05-28','cliffnjulie.jpg','/cogmedia/pictures/2012/05',1,'Father and Daughter','Y'),(40,'Why do they have to grow up?','2012-05-28','ashnlinz.jpg','/cogmedia/pictures/2012/05',1,'Ashlyn and Linzy','Y'),(41,'Joe and Sandy','2012-05-29','004.JPG','/cogmedia/pictures/2012/05',1,'Joe and Sandy','Y'),(42,'Loving couple','2012-05-29','003.JPG','/cogmedia/pictures/2012/05',1,'Mom and Dad Elwell','Y');
/*!40000 ALTER TABLE `picture` ENABLE KEYS */;
UNLOCK TABLES;

--
-- Table structure for table `role`
--

DROP TABLE IF EXISTS `role`;
/*!40101 SET @saved_cs_client     = @@character_set_client */;
/*!40101 SET character_set_client = utf8 */;
CREATE TABLE `role` (
  `role_id` int(11) NOT NULL AUTO_INCREMENT,
  `authority` varchar(50) NOT NULL,
  PRIMARY KEY (`role_id`)
) ENGINE=InnoDB AUTO_INCREMENT=4 DEFAULT CHARSET=latin1 COMMENT='Spring security';
/*!40101 SET character_set_client = @saved_cs_client */;

--
-- Dumping data for table `role`
--

LOCK TABLES `role` WRITE;
/*!40000 ALTER TABLE `role` DISABLE KEYS */;
INSERT INTO `role` VALUES (1,'ROLE_ADMIN'),(2,'ROLE_USER'),(3,'ROLE_SUPER');
/*!40000 ALTER TABLE `role` ENABLE KEYS */;
UNLOCK TABLES;

--
-- Table structure for table `scripture`
--

DROP TABLE IF EXISTS `scripture`;
/*!40101 SET @saved_cs_client     = @@character_set_client */;
/*!40101 SET character_set_client = utf8 */;
CREATE TABLE `scripture` (
  `scripture_id` int(10) NOT NULL AUTO_INCREMENT,
  `scripture_txt` varchar(512) NOT NULL,
  `chapter_verse` varchar(75) NOT NULL,
  PRIMARY KEY (`scripture_id`)
) ENGINE=InnoDB AUTO_INCREMENT=85 DEFAULT CHARSET=latin1 COMMENT='Scriptures';
/*!40101 SET character_set_client = @saved_cs_client */;

--
-- Dumping data for table `scripture`
--

LOCK TABLES `scripture` WRITE;
/*!40000 ALTER TABLE `scripture` DISABLE KEYS */;
INSERT INTO `scripture` VALUES (1,'For I know the thoughts that I think toward you, saith the Lord, thoughts of peace, and not of evil, to give you an expected end.','Jeremiah 29:11'),(2,'Come unto me, all ye that labour and are heavy laden, and I will give you rest.Take my yoke upon you, and learn of me; for I am meek and lowly in heart: and ye shall find rest unto your souls. For my yoke is easy, and my burden is light.','Matthew 11:28-30'),(3,'Be careful for nothing; but in every thing by prayer and supplication with thanksgiving let your requests be made known unto God. And the peace of God, which passeth all understanding, shall keep your hearts and minds through Christ Jesus.','Philippians 4:6-7'),(4,'But he was wounded for our transgressions, he was bruised for our iniquities: the chastisement of our peace was upon him; and with his stripes we are healed.','Isaiah 53:5'),(5,'Therefore if any man be in Christ, he is a new creature: old things are passed away; behold, all things are become new.','2 Corinthians 5:17'),(6,'For God so loved the world, that he gave his only begotten Son, that whosoever believeth in him should not perish, but have everlasting life.','John 3:16'),(7,'He maketh the storm a calm, so that the waves thereof are still.','Psalms 107:29'),(8,'Brethren, I count not myself to have apprehended: but this one thing I do, forgetting those things which are behind, and reaching forth unto those things which are before, I press toward the mark for the prize of the high calling of God in Christ Jesus.','Philippians 3:13-14'),(9,'I beseech you therefore, brethren, by the mercies of God, that ye present your bodies a living sacrifice, holy, acceptable unto God, which is your reasonable service. And be not conformed to this world: but be ye transformed by the renewing of your mind, that ye may prove what is that good, and acceptable, and perfect, will of God.','Romans 12:1-2'),(10,'Humble yourselves therefore under the mighty hand of God, that he may exalt you in due time: Casting all your care upon him; for he careth for you.','1 Peter 5:6-7'),(11,'A new heart also will I give you, and a new spirit will I put within you: and I will take away the stony heart out of your flesh, and I will give you an heart of flesh. And I will put my spirit within you, and cause you to walk in my statutes, and ye shall keep my judgments, and do them.','Ezekiel 36:26-27'),(12,'Thou wilt keep him in perfect peace, whose mind is stayed on thee: because he trusteth in thee.','Isaiah 26:3'),(13,'Trust in the Lord, and do good; so shalt thou dwell in the land, and verily thou shalt be fed. Delight thyself also in the Lord; and he shall give thee the desires of thine heart.','Psalms 37:3-4'),(14,'Let this mind be in you, which was also in Christ Jesus: Who, being in the form of God, thought it not robbery to be equal with God: But made himself of no reputation, and took upon him the form of a servant, and was made in the likeness of men','Philippians 2:5-7'),(15,'For the eyes of the Lord run to and fro throughout the whole earth, to shew himself strong in the behalf of them whose heart is perfect toward him.','2 Chronicles 16:9'),(16,'I can do all things through Christ which strengtheneth me.','Philippians 4:13'),(17,'What shall we say then? Shall we continue in sin, that grace may abound? God forbid. How shall we, that are dead to sin, live any longer therein?','Romans 6:1-2'),(18,'There is therefore now no condemnation to them which are in Christ Jesus, who walk not after the flesh, but after the Spirit. For the law of the Spirit of life in Christ Jesus hath made me free from the law of sin and death.','Romans 8:1-2'),(19,'And we know that all things work together for good to them that love God, to them who are the called according to his purpose.','Romans 8:28'),(20,'What shall we then say to these things? If God be for us, who can be against us? He that spared not his own Son, but delivered him up for us all, how shall he not with him also freely give us all things?','Romans 8:31-32'),(21,'Forasmuch then as the children are partakers of flesh and blood, he also himself likewise took part of the same; that through death he might destroy him that had the power of death, that is, the devil; And deliver them who through fear of death were all their lifetime subject to bondage.','Hebrews 2:14-15'),(22,'Wherefore in all things it behoved him to be made like unto his brethren, that he might be a merciful and faithful high priest in things pertaining to God, to make reconciliation for the sins of the people. For in that he himself hath suffered being tempted, he is able to succour them that are tempted.','Hebrews 2:17-18'),(23,'For we have not an high priest which cannot be touched with the feeling of our infirmities; but was in all points tempted like as we are, yet without sin. Let us therefore come boldly unto the throne of grace, that we may obtain mercy, and find grace to help in time of need.','Hebrews 4:15-16'),(24,'For the word of God is quick, and powerful, and sharper than any twoedged sword, piercing even to the dividing asunder of soul and spirit, and of the joints and marrow, and is a discerner of the thoughts and intents of the heart. Neither is there any creature that is not manifest in his sight: but all things are naked and opened unto the eyes of him with whom we have to do.','Hebrews 4:12-13'),(25,'Wherefore he is able also to save them to the uttermost that come unto God by him, seeing he ever liveth to make intercession for them.','Hebrews 7:25'),(26,'For this is the covenant that I will make with the house of Israel after those days, saith the Lord; I will put my laws into their mind, and write them in their hearts: and I will be to them a God, and they shall be to me a people:','Hebrews 8:10'),(27,'For if the blood of bulls and of goats, and the ashes of an heifer sprinkling the unclean, sanctifieth to the purifying of the flesh: How much more shall the blood of Christ, who through the eternal Spirit offered himself without spot to God, purge your conscience from dead works to serve the living God?','Hebrews 9:13-14'),(28,'Now faith is the substance of things hoped for, the evidence of things not seen.','Hebrews 11:1'),(29,'But without faith it is impossible to please him: for he that cometh to God must believe that he is, and that he is a rewarder of them that diligently seek him.','Hebrews 11:6'),(30,'And as it is appointed unto men once to die, but after this the judgment: So Christ was once offered to bear the sins of many; and unto them that look for him shall he appear the second time without sin unto salvation.','Hebrews 9:27-28'),(31,'Wherefore seeing we also are compassed about with so great a cloud of witnesses, let us lay aside every weight, and the sin which doth so easily beset us, and let us run with patience the race that is set before us, Looking unto Jesus the author and finisher of our faith; who for the joy that was set before him endured the cross, despising the shame, and is set down at the right hand of the throne of God.','Hebrews 12:1-2'),(32,'But ye are come unto mount Sion, and unto the city of the living God, the heavenly Jerusalem, and to an innumerable company of angels, To the general assembly and church of the firstborn, which are written in heaven, and to God the Judge of all, and to the spirits of just men made perfect, And to Jesus the mediator of the new covenant, and to the blood of sprinkling, that speaketh better things than that of Abel.','Hebrews 12:22-24'),(33,'Wherefore Jesus also, that he might sanctify the people with his own blood, suffered without the gate. Let us go forth therefore unto him without the camp, bearing his reproach. For here have we no continuing city, but we seek one to come.','Hebrews 13:12-14'),(34,'My brethren, count it all joy when ye fall into divers temptations; Knowing this, that the trying of your faith worketh patience. But let patience have her perfect work, that ye may be perfect and entire, wanting nothing.','James 1:2-4'),(35,'Blessed is the man that endureth temptation: for when he is tried, he shall receive the crown of life, which the Lord hath promised to them that love him.','James 1:12'),(36,'If any man among you seem to be religious, and bridleth not his tongue, but deceiveth his own heart, this man\'s religion is vain. Pure religion and undefiled before God and the Father is this, To visit the fatherless and widows in their affliction, and to keep himself unspotted from the world.','James 1:26-27'),(37,'What doth it profit, my brethren, though a man say he hath faith, and have not works? can faith save him? If a brother or sister be naked, and destitute of daily food, And one of you say unto them, Depart in peace, be ye warmed and filled; notwithstanding ye give them not those things which are needful to the body; what doth it profit? Even so faith, if it hath not works, is dead, being alone.','James 2:14-17'),(38,'Is any sick among you? let him call for the elders of the church; and let them pray over him, anointing him with oil in the name of the Lord: And the prayer of faith shall save the sick, and the Lord shall raise him up; and if he have committed sins, they shall be forgiven him.','James 5:14-15'),(39,'Wherefore laying aside all malice, and all guile, and hypocrisies, and envies, and all evil speakings, As newborn babes, desire the sincere milk of the word, that ye may grow thereby: If so be ye have tasted that the Lord is gracious.','1 Peter 2:1-3'),(40,'For this is thankworthy, if a man for conscience toward God endure grief, suffering wrongfully. For what glory is it, if, when ye be buffeted for your faults, ye shall take it patiently? but if, when ye do well, and suffer for it, ye take it patiently, this is acceptable with God.','1 Peter 2:19-20'),(41,'But they that wait upon the Lord shall renew their strength; they shall mount up with wings as eagles; they shall run, and not be weary; and they shall walk, and not faint.','Isaiah 40:31'),(42,'And in the days of these kings shall the God of heaven set up a kingdom, which shall never be destroyed: and the kingdom shall not be left to other people, but it shall break in pieces and consume all these kingdoms, and it shall stand for ever.','Daniel 2:44'),(43,'He hath shewed thee, O man, what is good; and what doth the Lord require of thee, but to do justly, and to love mercy, and to walk humbly with thy God?','Micah 6:8'),(44,'And it shall come to pass afterward, that I will pour out my spirit upon all flesh; and your sons and your daughters shall prophesy, your old men shall dream dreams, your young men shall see visions: And also upon the servants and upon the handmaids in those days will I pour out my spirit.','Joel 2:28-29'),(45,'But who may abide the day of his coming? and who shall stand when he appeareth? for he is like a refiner\'s fire, and like fullers \'soap\' And he shall sit as a refiner and purifier of silver: and he shall purify the sons of Levi, and purge them as gold and silver, that they may offer unto the Lord an offering in righteousness. ','Malachi 3:2-3'),(46,'Then they that feared the Lord spake often one to another: and the Lord hearkened, and heard it, and a book of remembrance was written before him for them that feared the Lord, and that thought upon his name.','Malachi 3:16'),(47,'Thus saith the Lord, The heaven is my throne, and the earth is my footstool: where is the house that ye build unto me? and where is the place of my rest? For all those things hath mine hand made, and all those things have been, saith the Lord: but to this man will I look, even to him that is poor and of a contrite spirit, and trembleth at my word.','Isaiah 66:1-2'),(48,'Is it such a fast that I have chosen? a day for a man to afflict his soul? is it to bow down his head as a bulrush, and to spread sackcloth and ashes under him? wilt thou call this a fast, and an acceptable day to the Lord? Is not this the fast that I have chosen? to loose the bands of wickedness, to undo the heavy burdens, and to let the oppressed go free, and that ye break every yoke?','Isaiah 58:5-6'),(49,'Seek ye the Lord while he may be found, call ye upon him while he is near: Let the wicked forsake his way, and the unrighteous man his thoughts: and let him return unto the Lord, and he will have mercy upon him; and to our God, for he will abundantly pardon.','Isaiah 55:6-7'),(50,'Ho, every one that thirsteth, come ye to the waters, and he that hath no money; come ye, buy, and eat; yea, come, buy wine and milk without money and without price. Wherefore do ye spend money for that which is not bread? and your labour for that which satisfieth not? hearken diligently unto me, and eat ye that which is good, and let your soul delight itself in fatness',' Isaiah 55:1-2'),(51,'For this is as the waters of Noah unto me: for as I have sworn that the waters of Noah should no more go over the earth; so have I sworn that I would not be wroth with thee, nor rebuke thee. For the mountains shall depart, and the hills be removed; but my kindness shall not depart from thee, neither shall the covenant of my peace be removed, saith the Lord that hath mercy on thee.','Isaiah 54:9-10'),(52,'When I consider thy heavens, the work of thy fingers, the moon and the stars, which thou hast ordained; What is man, that thou art mindful of him, and the son of man, that thou visitest him?','Psalms 8:3-4'),(53,'Lord, who shall abide in thy tabernacle? who shall dwell in thy holy hill? He that walketh uprightly, and worketh righteousness, and speaketh the truth in his heart. He that backbiteth not with his tongue, nor doeth evil to his neighbour, nor taketh up a reproach against his neighbour.','Psalms 15:1-3'),(54,'As for God, his way is perfect: the word of the Lord is tried: he is a buckler to all those that trust in him. For who is God save the Lord? or who is a rock save our God?','Psalms 18:30-31'),(55,'I will love thee, O Lord, my strength. The Lord is my rock, and my fortress, and my deliverer; my God, my strength, in whom I will trust; my buckler, and the horn of my salvation, and my high tower.','Psalms 18:1-2'),(56,'The law of the Lord is perfect, converting the soul: the testimony of the Lord is sure, making wise the simple. The statutes of the Lord are right, rejoicing the heart: the commandment of the Lord is pure, enlightening the eyes. The fear of the Lord is clean, enduring for ever: the judgments of the Lord are true and righteous altogether.','Psalms 19:7-9'),(57,'The Lord is my shepherd; I shall not want. He maketh me to lie down in green pastures: he leadeth me beside the still waters.','Psalms 23:1-2'),(58,'Yea, though I walk through the valley of the shadow of death, I will fear no evil: for thou art with me;thy rod and thy staff they comfort me.','Psalms 23:4'),(59,'One thing have I desired of the Lord, that will I seek after; that I may dwell in the house of the Lord all the days of my life, to behold the beauty of the Lord, and to enquire in his temple.','Psalms 27:4'),(60,'Be of good courage, and he shall strengthen your heart, all ye that hope in the Lord.','Psalms 31:24'),(61,'I sought the Lord, and he heard me, and delivered me from all my fears. They looked unto him, and were lightened: and their faces were not ashamed. This poor man cried, and the Lord heard him, and saved him out of all his troubles.','Psalms 34:4-6'),(62,'The Lord is nigh unto them that are of a broken heart; and saveth such as be of a contrite spirit.','Psalms 34:18'),(63,'I have been young, and now am old; yet have I not seen the righteous forsaken, nor his seed begging bread.','Psalms 37:25'),(64,'Mark the perfect man, and behold the upright: for the end of that man is peace.','Psalms 37:37'),(65,'It is of the Lord \'s mercies that we are not consumed, because his compassions fail not. They are new every morning: great is thy faithfulness.','Lamentations 3:22-23'),(66,'Let us hear the conclusion of the whole matter: Fear God, and keep his commandments: for this is the whole duty of man. For God shall bring every work into judgment, with every secret thing, whether it be good, or whether it be evil.','Ecclesiastes 12:13-14'),(67,'Because sentence against an evil work is not executed speedily, therefore the heart of the sons of men is fully set in them to do evil.','Ecclesiastes 8:11'),(68,'For thus saith the high and lofty One that inhabiteth eternity, whose name is Holy; I dwell in the high and holy place, with him also that is of a contrite and humble spirit, to revive the spirit of the humble, and to revive the heart of the contrite ones.','Isaiah 57:15'),(69,'He hath made every thing beautiful in his time: also he hath set the world in their heart, so that no man can find out the work that God maketh from the beginning to the end.','Ecclesiastes 3:11'),(70,'Thus saith the Lord, Let not the wise man glory in his wisdom, neither let the mighty man glory in his might, let not the rich man glory in his riches: But let him that glorieth glory in this, that he understandeth and knoweth me, that I am the Lord which exercise lovingkindness, judgment, and righteousness, in the earth: for in these things I delight, saith the Lord.','Jeremiah 9:23-24'),(71,'The heart is deceitful above all things, and desperately wicked: who can know it? I the Lord search the heart, I try the reins, even to give every man according to his ways, and according to the fruit of his doings.','Jeremiah 17:9-10'),(72,'And in that day there shall be a root of Jesse, which shall stand for an ensign of the people; to it shall the Gentiles seek: and his rest shall be glorious.','Isaiah 11:10'),(73,'Behold, I go forward, but he is not there; and backward, but I cannot perceive him: On the left hand, where he doth work, but I cannot behold him: he hideth himself on the right hand, that I cannot see him: But he knoweth the way that I take:when he hath tried me, I shall come forth as gold.','Job 23:8-10'),(74,'Then Nebuchadnezzar the king was astonied, and rose up in haste, and spake, and said unto his counsellors, Did not we cast three men bound into the midst of the fire? They answered and said unto the king, True, O king. He answered and said, Lo, I see four men loose, walking in the midst of the fire, and they have no hurt; and the form of the fourth is like the Son of God.','Daniel 3:24-25'),(75,'Marvel not that I said unto thee, Ye must be born again. The wind bloweth where it listeth, and thou hearest the sound thereof, but canst not tell whence it cometh, and whither it goeth: so is every one that is born of the Spirit.','John 3:7-8'),(76,'He must increase, but I must decrease.','John 3:30'),(77,'But the hour cometh, and now is, when the true worshippers shall worship the Father in spirit and in truth: for the Father seeketh such to worship him. God is a Spirit: and they that worship him must worship him in spirit and in truth.','John 4:23-24'),(78,'Verily, verily, I say unto you, He that heareth my word, and believeth on him that sent me, hath everlasting life, and shall not come into condemnation; but is passed from death unto life. Verily, verily, I say unto you, The hour is coming, and now is, when the dead shall hear the voice of the Son of God: and they that hear shall live.','John 5:24-25'),(79,'Search the scriptures; for in them ye think ye have eternal life: and they are they which testify of me.','John 5:39'),(80,'Then spake Jesus again unto them, saying, I am the light of the world: he that followeth me shall not walk in darkness, but shall have the light of life.','John 8:12'),(81,'Then said Jesus to those Jews which believed on him, If ye continue in my word, then are ye my disciples indeed;  And ye shall know the truth, and the truth shall make you free.','John 8:31-32'),(82,'I am the door: by me if any man enter in, he shall be saved, and shall go in and out, and find pasture. The thief cometh not, but for to steal, and to kill, and to destroy: I am come that they might have life, and that they might have it more abundantly.','John 10:9-10'),(83,'To him the porter openeth; and the sheep hear his voice: and he calleth his own sheep by name, and leadeth them out. And when he putteth forth his own sheep, he goeth before them, and the sheep follow him: for they know his voice.','John 10:3-4'),(84,'Thus saith the Lord, The heaven is my throne, and the earth is my footstool: where is the house that ye build unto me? and where is the place of my rest? For all those things hath mine hand made, and all those things have been, saith the Lord: but to this man will I look, even to him that is poor and of a contrite spirit, and trembleth at my word.','Isaiah 66:1-2');
/*!40000 ALTER TABLE `scripture` ENABLE KEYS */;
UNLOCK TABLES;

--
-- Table structure for table `security_role`
--

DROP TABLE IF EXISTS `security_role`;
/*!40101 SET @saved_cs_client     = @@character_set_client */;
/*!40101 SET character_set_client = utf8 */;
CREATE TABLE `security_role` (
  `security_role_id` int(11) NOT NULL AUTO_INCREMENT,
  `name_txt` varchar(30) NOT NULL,
  `access_level` tinyint(4) NOT NULL,
  `description` varchar(75) DEFAULT NULL,
  PRIMARY KEY (`security_role_id`)
) ENGINE=InnoDB AUTO_INCREMENT=6 DEFAULT CHARSET=latin1;
/*!40101 SET character_set_client = @saved_cs_client */;

--
-- Dumping data for table `security_role`
--

LOCK TABLES `security_role` WRITE;
/*!40000 ALTER TABLE `security_role` DISABLE KEYS */;
INSERT INTO `security_role` VALUES (1,'Guest',1,'Guest access'),(2,'Viewer',2,'Registered view only'),(3,'Uploader',3,'May upload content'),(4,'Admin',4,'May add admin content'),(5,'Super',5,'Super user - can do all');
/*!40000 ALTER TABLE `security_role` ENABLE KEYS */;
UNLOCK TABLES;

--
-- Table structure for table `state`
--

DROP TABLE IF EXISTS `state`;
/*!40101 SET @saved_cs_client     = @@character_set_client */;
/*!40101 SET character_set_client = utf8 */;
CREATE TABLE `state` (
  `state_id` int(11) NOT NULL AUTO_INCREMENT,
  `state_cd` char(2) NOT NULL,
  `name_txt` varchar(30) NOT NULL,
  PRIMARY KEY (`state_id`)
) ENGINE=InnoDB AUTO_INCREMENT=56 DEFAULT CHARSET=latin1;
/*!40101 SET character_set_client = @saved_cs_client */;

--
-- Dumping data for table `state`
--

LOCK TABLES `state` WRITE;
/*!40000 ALTER TABLE `state` DISABLE KEYS */;
INSERT INTO `state` VALUES (2,'AL','Alabama'),(3,'AK','Alaska'),(4,'AZ','Arizona'),(5,'AR','Arkansas'),(6,'CA','California'),(7,'CO','Colorado'),(8,'CT','Connecticut'),(9,'DE','Delaware'),(10,'DC','District of Columbia'),(11,'FL','Florida'),(12,'GA','Georgia'),(13,'HI','Hawaii'),(14,'ID','Idaho'),(15,'IL','Illinois'),(16,'IN','Indiana'),(17,'IA','Iowa'),(18,'KS','Kansas'),(19,'KY','Kentucky'),(20,'LA','Louisiana'),(21,'ME','Maine'),(22,'MD','Maryland'),(23,'MA','Massachusetts'),(24,'MI','Michigan'),(25,'MN','Minnesota'),(26,'MS','Mississippi'),(27,'MO','Missouri'),(28,'MT','Montana'),(29,'NE','Nebraska'),(30,'NV','Nevada'),(31,'NH','New Hampshire'),(32,'NJ','New Jersey'),(33,'NM','New Mexico'),(34,'NY','New York'),(35,'NC','North Carolina'),(36,'ND','North Dakota'),(37,'OH','Ohio'),(38,'OK','Oklahoma'),(39,'OR','Oregon'),(40,'PA','Pennsylvania'),(41,'PR','Puerto Rico'),(42,'RI','Rhode Island'),(43,'SC','South Carolina'),(44,'SD','South Dakota'),(45,'TN','Tennesee'),(46,'TX','Texas'),(47,'UT','Utah'),(48,'VT','Vermont'),(49,'VA','Virginia'),(50,'WA','Washington'),(51,'WV','West Virginia'),(52,'WI','Wisconsin'),(53,'WY','Wyoming'),(54,'BC','British Columbia'),(55,'OL','Virtual');
/*!40000 ALTER TABLE `state` ENABLE KEYS */;
UNLOCK TABLES;

--
-- Table structure for table `subscription`
--

DROP TABLE IF EXISTS `subscription`;
/*!40101 SET @saved_cs_client     = @@character_set_client */;
/*!40101 SET character_set_client = utf8 */;
CREATE TABLE `subscription` (
  `subscription_id` int(11) NOT NULL AUTO_INCREMENT,
  `name_txt` varchar(30) NOT NULL,
  `description` varchar(75) DEFAULT NULL,
  PRIMARY KEY (`subscription_id`)
) ENGINE=InnoDB DEFAULT CHARSET=latin1;
/*!40101 SET character_set_client = @saved_cs_client */;

--
-- Dumping data for table `subscription`
--

LOCK TABLES `subscription` WRITE;
/*!40000 ALTER TABLE `subscription` DISABLE KEYS */;
/*!40000 ALTER TABLE `subscription` ENABLE KEYS */;
UNLOCK TABLES;

--
-- Table structure for table `tag`
--

DROP TABLE IF EXISTS `tag`;
/*!40101 SET @saved_cs_client     = @@character_set_client */;
/*!40101 SET character_set_client = utf8 */;
CREATE TABLE `tag` (
  `tag_id` int(11) NOT NULL AUTO_INCREMENT,
  `name_txt` varchar(30) NOT NULL,
  PRIMARY KEY (`tag_id`)
) ENGINE=InnoDB AUTO_INCREMENT=2 DEFAULT CHARSET=latin1;
/*!40101 SET character_set_client = @saved_cs_client */;

--
-- Dumping data for table `tag`
--

LOCK TABLES `tag` WRITE;
/*!40000 ALTER TABLE `tag` DISABLE KEYS */;
INSERT INTO `tag` VALUES (1,'Encouragement');
/*!40000 ALTER TABLE `tag` ENABLE KEYS */;
UNLOCK TABLES;

--
-- Table structure for table `topic`
--

DROP TABLE IF EXISTS `topic`;
/*!40101 SET @saved_cs_client     = @@character_set_client */;
/*!40101 SET character_set_client = utf8 */;
CREATE TABLE `topic` (
  `topic_id` int(11) NOT NULL AUTO_INCREMENT,
  `name_txt` varchar(30) NOT NULL,
  PRIMARY KEY (`topic_id`)
) ENGINE=InnoDB AUTO_INCREMENT=24 DEFAULT CHARSET=latin1;
/*!40101 SET character_set_client = @saved_cs_client */;

--
-- Dumping data for table `topic`
--

LOCK TABLES `topic` WRITE;
/*!40000 ALTER TABLE `topic` DISABLE KEYS */;
INSERT INTO `topic` VALUES (1,'Invitation'),(2,'Repentance'),(3,'Faith'),(4,'Inspiration'),(5,'Church'),(6,'Jesus Christ'),(7,'Holy Spirit'),(8,'Consecration'),(9,'Gospel Work'),(10,'Consolation'),(11,'Practical Living'),(12,'Salvation'),(13,'Love'),(14,'Christian Warfare'),(15,'Praise'),(16,'Devotion'),(17,'Hope'),(18,'Growth'),(19,'Doctrine'),(21,'Sin'),(22,'Abundant Life'),(23,'Prayer');
/*!40000 ALTER TABLE `topic` ENABLE KEYS */;
UNLOCK TABLES;

--
-- Table structure for table `user`
--

DROP TABLE IF EXISTS `user`;
/*!40101 SET @saved_cs_client     = @@character_set_client */;
/*!40101 SET character_set_client = utf8 */;
CREATE TABLE `user` (
  `user_id` int(11) NOT NULL AUTO_INCREMENT,
  `user_name` varchar(60) NOT NULL,
  `first_name` varchar(20) NOT NULL,
  `last_name` varchar(30) NOT NULL,
  `password` varchar(256) NOT NULL,
  `enabled` tinyint(1) NOT NULL DEFAULT '1',
  `password_expired` tinyint(1) NOT NULL DEFAULT '0',
  `account_expired` tinyint(1) NOT NULL DEFAULT '1',
  `account_locked` tinyint(1) NOT NULL DEFAULT '0',
  PRIMARY KEY (`user_id`)
) ENGINE=InnoDB AUTO_INCREMENT=6 DEFAULT CHARSET=latin1 COMMENT='Spring security authentication';
/*!40101 SET character_set_client = @saved_cs_client */;

--
-- Dumping data for table `user`
--

LOCK TABLES `user` WRITE;
/*!40000 ALTER TABLE `user` DISABLE KEYS */;
INSERT INTO `user` VALUES (1,'andy.lewis.jr@gmail.com','Andy','Lewis','$2a$10$1oNelaJAH8/6p9gljU8snefWFYEThw/orqYFks1u6Yc5So163uKVC',1,0,0,0),(3,'elwell3d@gmail.com','Donald','Elwell','$2a$10$sxFmj5nEw4K5WeYcBqNra.KVFc1fbqx.cfE8NYxdSasz9RbSAQ906',1,0,0,0),(4,'nikkicool_714@hotmail.com','Nicole','Elwell','$2a$10$LLsI367nNrNzBvZapQsbtOzKK7ca6NCNd7Anms5zIKEyv7WzNWP1i',1,0,0,0),(5,'testUser@gmail.com','Test','User','$2a$10$5ajJSNnbH1Zz8dREaHJnn.wO.hsfXsA8kHI8cY.iACCbRReTS8nm2',1,0,0,0);
/*!40000 ALTER TABLE `user` ENABLE KEYS */;
UNLOCK TABLES;

--
-- Table structure for table `user_role`
--

DROP TABLE IF EXISTS `user_role`;
/*!40101 SET @saved_cs_client     = @@character_set_client */;
/*!40101 SET character_set_client = utf8 */;
CREATE TABLE `user_role` (
  `user_role_id` int(11) NOT NULL AUTO_INCREMENT,
  `user_id` int(11) NOT NULL,
  `role_id` int(11) NOT NULL,
  PRIMARY KEY (`user_role_id`),
  KEY `user_role_role_fk` (`role_id`),
  KEY `user_role_user_fk` (`user_id`),
  CONSTRAINT `user_role_role_fk` FOREIGN KEY (`role_id`) REFERENCES `role` (`role_id`) ON DELETE CASCADE ON UPDATE CASCADE,
  CONSTRAINT `user_role_user_fk` FOREIGN KEY (`user_id`) REFERENCES `user` (`user_id`) ON DELETE CASCADE ON UPDATE CASCADE
) ENGINE=InnoDB AUTO_INCREMENT=5 DEFAULT CHARSET=latin1 COMMENT='Spring Security';
/*!40101 SET character_set_client = @saved_cs_client */;

--
-- Dumping data for table `user_role`
--

LOCK TABLES `user_role` WRITE;
/*!40000 ALTER TABLE `user_role` DISABLE KEYS */;
INSERT INTO `user_role` VALUES (1,1,3),(3,3,1),(4,4,1);
/*!40000 ALTER TABLE `user_role` ENABLE KEYS */;
UNLOCK TABLES;

--
-- Table structure for table `user_subscription`
--

DROP TABLE IF EXISTS `user_subscription`;
/*!40101 SET @saved_cs_client     = @@character_set_client */;
/*!40101 SET character_set_client = utf8 */;
CREATE TABLE `user_subscription` (
  `user_subscription_id` int(11) NOT NULL AUTO_INCREMENT,
  `version` bigint(20) NOT NULL,
  `subscription_id` int(11) NOT NULL,
  `user_id` int(11) NOT NULL,
  PRIMARY KEY (`user_subscription_id`),
  KEY `FKD1739911F9A1B36C` (`user_id`),
  KEY `FKD17399115225D817` (`subscription_id`),
  CONSTRAINT `FKD17399115225D817` FOREIGN KEY (`subscription_id`) REFERENCES `subscription` (`subscription_id`),
  CONSTRAINT `FKD1739911F9A1B36C` FOREIGN KEY (`user_id`) REFERENCES `admin_user` (`user_id`)
) ENGINE=InnoDB DEFAULT CHARSET=latin1;
/*!40101 SET character_set_client = @saved_cs_client */;

--
-- Dumping data for table `user_subscription`
--

LOCK TABLES `user_subscription` WRITE;
/*!40000 ALTER TABLE `user_subscription` DISABLE KEYS */;
/*!40000 ALTER TABLE `user_subscription` ENABLE KEYS */;
UNLOCK TABLES;
/*!40103 SET TIME_ZONE=@OLD_TIME_ZONE */;

/*!40101 SET SQL_MODE=@OLD_SQL_MODE */;
/*!40014 SET FOREIGN_KEY_CHECKS=@OLD_FOREIGN_KEY_CHECKS */;
/*!40014 SET UNIQUE_CHECKS=@OLD_UNIQUE_CHECKS */;
/*!40101 SET CHARACTER_SET_CLIENT=@OLD_CHARACTER_SET_CLIENT */;
/*!40101 SET CHARACTER_SET_RESULTS=@OLD_CHARACTER_SET_RESULTS */;
/*!40101 SET COLLATION_CONNECTION=@OLD_COLLATION_CONNECTION */;
/*!40111 SET SQL_NOTES=@OLD_SQL_NOTES */;

-- Dump completed on 2022-11-19 11:48:21
